{"type":"FeatureCollection", "features": [
{"type":"Feature","geometry":{"type":"MultiPolygon","coordinates":[[[[92.896332,24.390724],[92.799993,24.419594],[92.761764,24.513078],[92.689892,24.353606],[92.625666,24.33161],[92.611903,24.255999],[92.550736,24.24775],[92.532386,24.177638],[92.436047,24.154267],[92.422284,24.2505],[92.295362,24.245],[92.330533,24.183137],[92.312183,24.052535],[92.324416,23.913685],[92.257132,23.813328],[92.264778,23.726718],[92.272424,23.642858],[92.364175,23.32254],[92.402405,23.266175],[92.345825,23.237306],[92.3917,23.057213],[92.371821,22.936234],[92.44828,22.875745],[92.509448,22.741019],[92.58132,22.321719],[92.605787,22.123754],[92.59967,22.011025],[92.688363,22.039894],[92.705184,22.15125],[92.855044,22.063265],[92.93915,22.016524],[92.998788,22.053642],[93.05078,22.200741],[93.160882,22.180119],[93.199112,22.277727],[93.188407,22.424826],[93.131827,22.471567],[93.142532,22.582922],[93.093598,22.708025],[93.096656,22.786386],[93.14559,22.927986],[93.122652,23.006347],[93.196053,23.055838],[93.300038,23.004972],[93.355089,23.07371],[93.391789,23.220808],[93.358147,23.330789],[93.402493,23.388529],[93.39026,23.497134],[93.423902,23.527379],[93.42696,23.649732],[93.396377,23.926057],[93.252633,24.020916],[93.206757,24.047036],[92.97585,24.115774],[93.023255,24.234002],[93.009492,24.412721],[92.896332,24.390724]]],[[[93.122652,23.006347],[93.196053,23.055838],[93.300038,23.004972],[93.355089,23.07371],[93.391789,23.220808],[93.358147,23.330789],[93.402493,23.388529],[93.39026,23.497134],[93.423902,23.527379],[93.42696,23.649732],[93.396377,23.926057],[93.252633,24.020916],[93.206757,24.047036],[92.97585,24.115774],[93.023255,24.234002],[93.009492,24.412721],[92.896332,24.390724],[92.799993,24.419594],[92.761764,24.513078],[92.689892,24.353606],[92.625666,24.33161],[92.611903,24.255999],[92.550736,24.24775],[92.532386,24.177638],[92.436047,24.154267],[92.422284,24.2505],[92.295362,24.245],[92.330533,24.183137],[92.312183,24.052535],[92.324416,23.913685],[92.257132,23.813328],[92.264778,23.726718],[92.272424,23.642858],[92.364175,23.32254],[92.402405,23.266175],[92.345825,23.237306],[92.3917,23.057213],[92.371821,22.936234],[92.44828,22.875745],[92.509448,22.741019],[92.58132,22.321719],[92.605787,22.123754],[92.59967,22.011025],[92.688363,22.039894],[92.705184,22.15125],[92.855044,22.063265],[92.93915,22.016524],[92.998788,22.053642],[93.05078,22.200741],[93.160882,22.180119],[93.199112,22.277727],[93.188407,22.424826],[93.131827,22.471567],[93.142532,22.582922],[93.093598,22.708025],[93.096656,22.786386],[93.14559,22.927986],[93.122652,23.006347]]]]},"properties":{"name":"Mizoram"}},
{"type":"Feature","geometry":{"type":"MultiPolygon","coordinates":[[[[79.283503,13.123237],[79.228452,13.157606],[79.234569,13.105366],[79.162697,13.020131],[78.994486,13.086119],[78.892031,13.095742],[78.751345,13.0545],[78.621364,12.991261],[78.603014,12.844162],[78.59231,12.782298],[78.411866,12.626951],[78.301764,12.665444],[78.231421,12.760302],[78.133553,12.782298],[78.057094,12.852411],[77.979105,12.835914],[77.928642,12.890904],[77.865946,12.870283],[77.830774,12.866158],[77.792544,12.749304],[77.739023,12.672318],[77.601396,12.668194],[77.587633,12.514221],[77.635038,12.488101],[77.615159,12.367123],[77.550933,12.291511],[77.471415,12.243395],[77.505057,12.198028],[77.610571,12.206276],[77.746669,12.15541],[77.775723,12.112793],[77.708439,12.035807],[77.676326,11.951947],[77.494353,11.943698],[77.428598,11.76773],[77.2925,11.808972],[77.110527,11.773229],[77.012659,11.814471],[76.908674,11.795225],[76.835273,11.655],[76.847506,11.594511],[76.757284,11.617881],[76.560019,11.622006],[76.511085,11.704491],[76.417805,11.671497],[76.378046,11.601384],[76.234302,11.527148],[76.460622,11.388297],[76.547786,11.359428],[76.521789,11.270069],[76.442272,11.201331],[76.628833,11.194457],[76.706821,11.239824],[76.694588,11.166962],[76.754226,11.078978],[76.656358,10.938753],[76.830685,10.870015],[76.907145,10.782031],[76.838331,10.596439],[76.815393,10.42322],[76.833744,10.33936],[76.891853,10.259624],[76.89797,10.254125],[76.899499,10.25275],[76.982075,10.219756],[77.050888,10.262374],[77.090647,10.314614],[77.180869,10.357232],[77.287913,10.232129],[77.268033,10.122149],[77.263446,10.028665],[77.212982,9.877442],[77.246624,9.799081],[77.167107,9.612115],[77.269562,9.572247],[77.318496,9.602491],[77.402602,9.525505],[77.339905,9.419649],[77.281796,9.298671],[77.268033,9.152947],[77.203807,9.070462],[77.148756,9.009972],[77.193103,8.926112],[77.2558,8.879371],[77.19922,8.770765],[77.170165,8.741895],[77.269562,8.578299],[77.261916,8.506812],[77.098293,8.292351],[77.232862,8.180995],[77.445419,8.094386],[77.55552,8.076514],[77.589163,8.139753],[77.794074,8.163124],[77.841479,8.251108],[77.96993,8.334968],[78.057094,8.37896],[78.142728,8.501313],[78.138141,8.680031],[78.194721,8.751518],[78.161079,8.805134],[78.171783,8.883495],[78.228363,8.974229],[78.38434,9.093832],[78.424099,9.117203],[78.578547,9.130951],[78.872151,9.257428],[78.982253,9.273925],[79.089296,9.260178],[79.203985,9.278049],[79.303382,9.245055],[79.335495,9.311044],[79.158109,9.284923],[79.064829,9.298671],[78.983782,9.35916],[78.899676,9.46914],[78.93026,9.595618],[78.980723,9.689101],[79.116821,9.849947],[79.119879,9.852697],[79.121409,9.880192],[79.124467,9.882941],[79.25139,10.050661],[79.226923,10.137271],[79.266682,10.229379],[79.387487,10.317364],[79.471593,10.315989],[79.768255,10.271997],[79.860006,10.282995],[79.87224,10.359981],[79.849302,10.827398],[79.818718,10.879638],[79.723909,10.929129],[79.748376,10.996492],[79.850831,10.985494],[79.856948,11.176585],[79.812602,11.424041],[79.766726,11.521649],[79.760609,11.62338],[79.795781,11.785601],[79.806485,11.833718],[79.808014,11.844716],[79.685679,11.880459],[79.785076,11.960195],[79.840127,11.956071],[79.856948,12.006937],[79.856948,12.049554],[79.884473,12.064677],[80.008338,12.254393],[80.138319,12.411115],[80.165844,12.529344],[80.254537,12.779549],[80.249949,12.85791],[80.300412,13.142484],[80.344759,13.275835],[80.326409,13.44493],[80.2683,13.564534],[80.214778,13.490297],[80.07868,13.488922],[80.037392,13.538413],[79.945641,13.363819],[79.809543,13.317078],[79.794251,13.240092],[79.7025,13.22222],[79.682621,13.296457],[79.534289,13.275835],[79.537348,13.339074],[79.405838,13.33495],[79.437951,13.187851],[79.283503,13.123237]]],[[[80.008338,12.254393],[80.138319,12.411115],[80.165844,12.529344],[80.254537,12.779549],[80.249949,12.85791],[80.300412,13.142484],[80.344759,13.275835],[80.326409,13.44493],[80.2683,13.564534],[80.214778,13.490297],[80.07868,13.488922],[80.037392,13.538413],[79.945641,13.363819],[79.809543,13.317078],[79.794251,13.240092],[79.7025,13.22222],[79.682621,13.296457],[79.534289,13.275835],[79.537348,13.339074],[79.405838,13.33495],[79.437951,13.187851],[79.283503,13.123237],[79.228452,13.157606],[79.234569,13.105366],[79.162697,13.020131],[78.994486,13.086119],[78.892031,13.095742],[78.751345,13.0545],[78.621364,12.991261],[78.603014,12.844162],[78.59231,12.782298],[78.411866,12.626951],[78.301764,12.665444],[78.231421,12.760302],[78.133553,12.782298],[78.057094,12.852411],[77.979105,12.835914],[77.928642,12.890904],[77.865946,12.870283],[77.830774,12.866158],[77.792544,12.749304],[77.739023,12.672318],[77.601396,12.668194],[77.587633,12.514221],[77.635038,12.488101],[77.615159,12.367123],[77.550933,12.291511],[77.471415,12.243395],[77.505057,12.198028],[77.610571,12.206276],[77.746669,12.15541],[77.775723,12.112793],[77.708439,12.035807],[77.676326,11.951947],[77.494353,11.943698],[77.428598,11.76773],[77.2925,11.808972],[77.110527,11.773229],[77.012659,11.814471],[76.908674,11.795225],[76.835273,11.655],[76.847506,11.594511],[76.757284,11.617881],[76.560019,11.622006],[76.511085,11.704491],[76.417805,11.671497],[76.378046,11.601384],[76.234302,11.527148],[76.460622,11.388297],[76.547786,11.359428],[76.521789,11.270069],[76.442272,11.201331],[76.628833,11.194457],[76.706821,11.239824],[76.694588,11.166962],[76.754226,11.078978],[76.656358,10.938753],[76.830685,10.870015],[76.907145,10.782031],[76.838331,10.596439],[76.815393,10.42322],[76.833744,10.33936],[76.891853,10.259624],[76.89797,10.254125],[76.899499,10.25275],[76.982075,10.219756],[77.050888,10.262374],[77.090647,10.314614],[77.180869,10.357232],[77.287913,10.232129],[77.268033,10.122149],[77.263446,10.028665],[77.212982,9.877442],[77.246624,9.799081],[77.167107,9.612115],[77.269562,9.572247],[77.318496,9.602491],[77.402602,9.525505],[77.339905,9.419649],[77.281796,9.298671],[77.268033,9.152947],[77.203807,9.070462],[77.148756,9.009972],[77.193103,8.926112],[77.2558,8.879371],[77.19922,8.770765],[77.170165,8.741895],[77.269562,8.578299],[77.261916,8.506812],[77.098293,8.292351],[77.232862,8.180995],[77.445419,8.094386],[77.55552,8.076514],[77.589163,8.139753],[77.794074,8.163124],[77.841479,8.251108],[77.96993,8.334968],[78.057094,8.37896],[78.142728,8.501313],[78.138141,8.680031],[78.194721,8.751518],[78.161079,8.805134],[78.171783,8.883495],[78.228363,8.974229],[78.38434,9.093832],[78.424099,9.117203],[78.578547,9.130951],[78.872151,9.257428],[78.982253,9.273925],[79.089296,9.260178],[79.203985,9.278049],[79.303382,9.245055],[79.335495,9.311044],[79.158109,9.284923],[79.064829,9.298671],[78.983782,9.35916],[78.899676,9.46914],[78.93026,9.595618],[78.980723,9.689101],[79.116821,9.849947],[79.119879,9.852697],[79.121409,9.880192],[79.124467,9.882941],[79.25139,10.050661],[79.226923,10.137271],[79.266682,10.229379],[79.387487,10.317364],[79.471593,10.315989],[79.768255,10.271997],[79.860006,10.282995],[79.87224,10.359981],[79.849302,10.827398],[79.818718,10.879638],[79.723909,10.929129],[79.748376,10.996492],[79.850831,10.985494],[79.856948,11.176585],[79.812602,11.424041],[79.766726,11.521649],[79.760609,11.62338],[79.795781,11.785601],[79.806485,11.833718],[79.808014,11.844716],[79.685679,11.880459],[79.785076,11.960195],[79.840127,11.956071],[79.856948,12.006937],[79.856948,12.049554],[79.884473,12.064677],[80.008338,12.254393]]]]},"properties":{"name":"Tamil Nadu"}},
{"type":"Feature","geometry":{"type":"MultiPolygon","coordinates":[[[[76.781751,21.55873],[76.855152,21.613721],[76.902557,21.597224],[76.998896,21.692082],[77.006542,21.678334],[77.023363,21.687957],[77.040184,21.697581],[77.061593,21.712703],[77.209924,21.689332],[77.280267,21.75807],[77.479061,21.770443],[77.543287,21.704454],[77.5754,21.527111],[77.454594,21.553231],[77.488236,21.374513],[77.561637,21.396509],[77.80172,21.408882],[77.884296,21.384137],[78.029569,21.421255],[78.176371,21.499616],[78.223775,21.551857],[78.343052,21.588975],[78.419511,21.571103],[78.433274,21.496866],[78.511263,21.528486],[78.584664,21.487243],[78.899676,21.500991],[78.916498,21.59035],[78.974607,21.617845],[79.077062,21.605472],[79.223864,21.648089],[79.234569,21.718202],[79.392075,21.67421],[79.49606,21.67421],[79.509822,21.595849],[79.538877,21.540859],[79.739201,21.602723],[79.918116,21.524362],[80.066447,21.554606],[80.121498,21.610971],[80.2683,21.617845],[80.375343,21.524362],[80.422747,21.440502],[80.528261,21.395135],[80.621542,21.320898],[80.661301,21.333271],[80.73776,21.473496],[80.714822,21.661837],[80.75611,21.762194],[80.817278,21.762194],[80.846333,21.835056],[80.83257,21.89692],[80.9075,22.110007],[81.003839,22.059141],[81.045127,22.240609],[81.118528,22.291475],[81.110882,22.435824],[81.193458,22.490814],[81.248509,22.459195],[81.328027,22.525183],[81.474829,22.489439],[81.621631,22.537556],[81.649156,22.614542],[81.728674,22.669532],[81.731732,22.676406],[81.794429,22.765765],[81.776079,22.87437],[81.861713,22.889493],[81.950406,22.982976],[81.94276,23.079209],[82.123204,23.103954],[82.199664,23.314292],[82.103325,23.398152],[81.985577,23.414649],[81.916764,23.534252],[81.820425,23.515006],[81.757728,23.549375],[81.610926,23.512256],[81.613985,23.663479],[81.696561,23.721219],[81.610926,23.836698],[81.60328,23.884815],[81.667506,23.924683],[81.725615,23.839448],[81.809721,23.807829],[81.921352,23.871067],[82.006986,23.861444],[82.081916,23.816077],[82.208839,23.853195],[82.260831,23.821576],[82.497855,23.784458],[82.635482,23.838073],[82.693591,23.919184],[82.812868,23.961801],[82.664537,24.128146],[82.744055,24.165265],[82.770051,24.370103],[82.713471,24.379726],[82.744055,24.496581],[82.797576,24.576316],[82.773109,24.642305],[82.707354,24.636806],[82.670654,24.697295],[82.523852,24.676673],[82.418338,24.651928],[82.418338,24.594188],[82.297532,24.606561],[82.216485,24.793528],[82.09415,24.816898],[81.94276,24.845768],[81.892297,24.988743],[81.7929,25.003865],[81.667506,25.061605],[81.626218,25.160587],[81.540584,25.188082],[81.499296,25.148214],[81.392253,25.131717],[81.277563,25.166086],[81.263801,25.053356],[81.159816,24.913131],[81.120057,24.903508],[81.034423,24.952999],[80.94573,24.966747],[80.860095,24.928253],[80.831041,25.032735],[80.878445,25.065729],[80.844803,25.186707],[80.723997,25.11797],[80.714822,25.065729],[80.592487,25.090474],[80.500736,25.040983],[80.477798,24.97637],[80.401339,25.069853],[80.341701,25.013488],[80.263712,25.024486],[80.291237,25.058855],[80.352405,25.123469],[80.430393,25.174334],[80.404397,25.243072],[80.311117,25.28569],[80.315704,25.388796],[80.220895,25.397045],[80.104676,25.350303],[80.032805,25.342055],[79.855419,25.193581],[79.840127,25.098723],[79.748376,25.139966],[79.673445,25.120719],[79.569461,25.171585],[79.491472,25.079476],[79.405838,25.106972],[79.390546,25.17021],[79.436421,25.25407],[79.352316,25.329682],[79.280444,25.324183],[79.263623,25.273317],[79.278915,25.243072],[79.292678,25.183958],[79.304911,25.179833],[79.323261,25.149589],[79.245273,25.113845],[79.130584,25.109721],[79.0633,25.222451],[78.93026,25.207329],[78.879797,25.157837],[78.870622,25.186707],[78.960844,25.344804],[78.879797,25.386047],[78.942494,25.491903],[78.884385,25.515274],[78.731466,25.457534],[78.774283,25.353053],[78.659594,25.383297],[78.512792,25.276066],[78.558668,25.212828],[78.639715,25.071228],[78.632069,24.957123],[78.676415,24.898009],[78.769695,24.859516],[78.7804,24.705543],[78.751345,24.599687],[78.882855,24.64093],[78.953198,24.547446],[78.914968,24.459462],[78.985311,24.44159],[78.991428,24.416845],[78.971548,24.348107],[78.806396,24.179012],[78.702411,24.227129],[78.586193,24.353606],[78.502088,24.390724],[78.388928,24.262872],[78.329289,24.327486],[78.369048,24.374227],[78.268122,24.449839],[78.275768,24.662926],[78.190133,24.841644],[78.171783,24.876013],[78.34611,25.012113],[78.335406,25.068478],[78.336935,25.084975],[78.373636,25.098723],[78.447037,25.122094],[78.390457,25.205954],[78.344581,25.328307],[78.339994,25.416291],[78.339994,25.432788],[78.355286,25.452035],[78.395044,25.443786],[78.416453,25.47678],[78.419511,25.531771],[78.451624,25.571638],[78.658065,25.559266],[78.717703,25.604633],[78.810984,25.619755],[78.763579,25.720112],[78.885914,25.912578],[78.937906,25.952445],[78.94861,26.028057],[79.011307,26.083047],[78.994486,26.197152],[79.13823,26.338751],[79.135171,26.440483],[78.989899,26.579333],[79.00672,26.671442],[78.872151,26.697562],[78.7804,26.76905],[78.544905,26.763551],[78.395044,26.817166],[78.358344,26.869407],[78.222246,26.832288],[78.112145,26.79517],[78.089207,26.675566],[78.000514,26.694813],[77.904175,26.659069],[77.823128,26.550464],[77.74514,26.538091],[77.538699,26.411613],[77.437773,26.403365],[77.375076,26.364872],[77.271091,26.267264],[77.119702,26.213649],[76.998896,26.129789],[76.901028,26.09267],[76.852094,26.032181],[76.787868,25.944197],[76.715996,25.90158],[76.642595,25.908453],[76.546256,25.838341],[76.503439,25.670621],[76.515673,25.527646],[76.593661,25.408043],[76.670121,25.348928],[76.761872,25.320058],[76.856682,25.332431],[76.945374,25.284315],[77.083001,25.336555],[77.223687,25.318684],[77.234391,25.379173],[77.313909,25.431414],[77.36743,25.410792],[77.411777,25.223826],[77.393426,25.119344],[77.31238,25.080851],[77.269562,25.11522],[77.174753,25.111096],[77.08606,25.054731],[77.000425,25.075352],[76.876561,25.040983],[76.861269,24.961248],[76.949962,24.869139],[76.804689,24.807275],[76.855152,24.744036],[76.946904,24.759159],[77.034067,24.708293],[77.069239,24.55707],[76.977487,24.460837],[76.861269,24.548821],[76.816923,24.533699],[76.844448,24.436091],[76.832215,24.35773],[76.862798,24.272496],[76.922437,24.212006],[76.881149,24.130896],[76.801631,24.117148],[76.676237,24.191385],[76.644124,24.269746],[76.570723,24.209257],[76.504968,24.203758],[76.321466,24.245],[76.212894,24.209257],[76.118084,24.194135],[76.127259,24.088278],[76.041624,24.066282],[75.93764,23.897188],[75.793896,23.866943],[75.689911,23.747339],[75.582868,23.795456],[75.564518,23.855945],[75.462062,23.917809],[75.521701,24.02504],[75.702145,23.965925],[75.836713,24.056659],[75.751079,24.143269],[75.813775,24.245],[75.728141,24.396223],[75.78625,24.452588],[75.900939,24.442965],[75.920819,24.543322],[75.82448,24.66705],[75.784721,24.761908],[75.608864,24.682172],[75.549226,24.702794],[75.455946,24.680798],[75.18375,24.748161],[75.336669,24.952999],[75.351961,25.018987],[75.191396,25.036859],[75.113407,24.966747],[75.116466,24.877388],[75.038477,24.845768],[74.95896,24.858141],[74.90238,24.929628],[74.82592,24.899384],[74.861091,24.799027],[74.97731,24.764658],[74.992602,24.69317],[74.888617,24.634056],[74.804512,24.735788],[74.772399,24.661551],[74.786161,24.58594],[74.697468,24.482833],[74.815216,24.469085],[74.854975,24.423719],[74.781574,24.338484],[74.754048,24.242251],[74.867208,24.243626],[74.908496,24.212006],[74.879442,24.173513],[74.974251,24.040162],[74.90238,23.873817],[74.940609,23.765211],[74.922259,23.666229],[74.847329,23.552124],[74.772399,23.542501],[74.572075,23.420148],[74.529258,23.321166],[74.734169,23.220808],[74.50632,23.084708],[74.385514,23.112203],[74.319759,23.059962],[74.39316,22.896366],[74.460444,22.907364],[74.465032,22.816631],[74.402335,22.731396],[74.379397,22.635163],[74.263179,22.643412],[74.150019,22.521058],[74.058268,22.549928],[74.119435,22.419327],[74.215774,22.441323],[74.189778,22.320344],[74.068972,22.356088],[74.05368,22.298348],[74.122494,22.211739],[74.124023,22.097634],[74.094968,22.016524],[74.146961,21.950535],[74.281529,21.934038],[74.432919,22.030271],[74.452798,21.961533],[74.52467,21.912042],[74.504791,21.72645],[74.582779,21.664587],[74.775457,21.615095],[74.862621,21.634342],[75.05224,21.566979],[75.107291,21.462498],[75.211276,21.411632],[75.382545,21.380012],[75.608864,21.389636],[75.986574,21.369014],[76.095146,21.371764],[76.159372,21.25491],[76.167018,21.078941],[76.382633,21.076192],[76.477443,21.147679],[76.489676,21.191671],[76.622716,21.184797],[76.662475,21.28103],[76.621187,21.331896],[76.783281,21.463872],[76.781751,21.55873]]],[[[75.608864,21.389636],[75.986574,21.369014],[76.095146,21.371764],[76.159372,21.25491],[76.167018,21.078941],[76.382633,21.076192],[76.477443,21.147679],[76.489676,21.191671],[76.622716,21.184797],[76.662475,21.28103],[76.621187,21.331896],[76.783281,21.463872],[76.781751,21.55873],[76.855152,21.613721],[76.902557,21.597224],[76.998896,21.692082],[77.006542,21.678334],[77.023363,21.687957],[77.040184,21.697581],[77.061593,21.712703],[77.209924,21.689332],[77.280267,21.75807],[77.479061,21.770443],[77.543287,21.704454],[77.5754,21.527111],[77.454594,21.553231],[77.488236,21.374513],[77.561637,21.396509],[77.80172,21.408882],[77.884296,21.384137],[78.029569,21.421255],[78.176371,21.499616],[78.223775,21.551857],[78.343052,21.588975],[78.419511,21.571103],[78.433274,21.496866],[78.511263,21.528486],[78.584664,21.487243],[78.899676,21.500991],[78.916498,21.59035],[78.974607,21.617845],[79.077062,21.605472],[79.223864,21.648089],[79.234569,21.718202],[79.392075,21.67421],[79.49606,21.67421],[79.509822,21.595849],[79.538877,21.540859],[79.739201,21.602723],[79.918116,21.524362],[80.066447,21.554606],[80.121498,21.610971],[80.2683,21.617845],[80.375343,21.524362],[80.422747,21.440502],[80.528261,21.395135],[80.621542,21.320898],[80.661301,21.333271],[80.73776,21.473496],[80.714822,21.661837],[80.75611,21.762194],[80.817278,21.762194],[80.846333,21.835056],[80.83257,21.89692],[80.9075,22.110007],[81.003839,22.059141],[81.045127,22.240609],[81.118528,22.291475],[81.110882,22.435824],[81.193458,22.490814],[81.248509,22.459195],[81.328027,22.525183],[81.474829,22.489439],[81.621631,22.537556],[81.649156,22.614542],[81.728674,22.669532],[81.731732,22.676406],[81.794429,22.765765],[81.776079,22.87437],[81.861713,22.889493],[81.950406,22.982976],[81.94276,23.079209],[82.123204,23.103954],[82.199664,23.314292],[82.103325,23.398152],[81.985577,23.414649],[81.916764,23.534252],[81.820425,23.515006],[81.757728,23.549375],[81.610926,23.512256],[81.613985,23.663479],[81.696561,23.721219],[81.610926,23.836698],[81.60328,23.884815],[81.667506,23.924683],[81.725615,23.839448],[81.809721,23.807829],[81.921352,23.871067],[82.006986,23.861444],[82.081916,23.816077],[82.208839,23.853195],[82.260831,23.821576],[82.497855,23.784458],[82.635482,23.838073],[82.693591,23.919184],[82.812868,23.961801],[82.664537,24.128146],[82.744055,24.165265],[82.770051,24.370103],[82.713471,24.379726],[82.744055,24.496581],[82.797576,24.576316],[82.773109,24.642305],[82.707354,24.636806],[82.670654,24.697295],[82.523852,24.676673],[82.418338,24.651928],[82.418338,24.594188],[82.297532,24.606561],[82.216485,24.793528],[82.09415,24.816898],[81.94276,24.845768],[81.892297,24.988743],[81.7929,25.003865],[81.667506,25.061605],[81.626218,25.160587],[81.540584,25.188082],[81.499296,25.148214],[81.392253,25.131717],[81.277563,25.166086],[81.263801,25.053356],[81.159816,24.913131],[81.120057,24.903508],[81.034423,24.952999],[80.94573,24.966747],[80.860095,24.928253],[80.831041,25.032735],[80.878445,25.065729],[80.844803,25.186707],[80.723997,25.11797],[80.714822,25.065729],[80.592487,25.090474],[80.500736,25.040983],[80.477798,24.97637],[80.401339,25.069853],[80.341701,25.013488],[80.263712,25.024486],[80.291237,25.058855],[80.352405,25.123469],[80.430393,25.174334],[80.404397,25.243072],[80.311117,25.28569],[80.315704,25.388796],[80.220895,25.397045],[80.104676,25.350303],[80.032805,25.342055],[79.855419,25.193581],[79.840127,25.098723],[79.748376,25.139966],[79.673445,25.120719],[79.569461,25.171585],[79.491472,25.079476],[79.405838,25.106972],[79.390546,25.17021],[79.436421,25.25407],[79.352316,25.329682],[79.280444,25.324183],[79.263623,25.273317],[79.278915,25.243072],[79.292678,25.183958],[79.304911,25.179833],[79.323261,25.149589],[79.245273,25.113845],[79.130584,25.109721],[79.0633,25.222451],[78.93026,25.207329],[78.879797,25.157837],[78.870622,25.186707],[78.960844,25.344804],[78.879797,25.386047],[78.942494,25.491903],[78.884385,25.515274],[78.731466,25.457534],[78.774283,25.353053],[78.659594,25.383297],[78.512792,25.276066],[78.558668,25.212828],[78.639715,25.071228],[78.632069,24.957123],[78.676415,24.898009],[78.769695,24.859516],[78.7804,24.705543],[78.751345,24.599687],[78.882855,24.64093],[78.953198,24.547446],[78.914968,24.459462],[78.985311,24.44159],[78.991428,24.416845],[78.971548,24.348107],[78.806396,24.179012],[78.702411,24.227129],[78.586193,24.353606],[78.502088,24.390724],[78.388928,24.262872],[78.329289,24.327486],[78.369048,24.374227],[78.268122,24.449839],[78.275768,24.662926],[78.190133,24.841644],[78.171783,24.876013],[78.34611,25.012113],[78.335406,25.068478],[78.336935,25.084975],[78.373636,25.098723],[78.447037,25.122094],[78.390457,25.205954],[78.344581,25.328307],[78.339994,25.416291],[78.339994,25.432788],[78.355286,25.452035],[78.395044,25.443786],[78.416453,25.47678],[78.419511,25.531771],[78.451624,25.571638],[78.658065,25.559266],[78.717703,25.604633],[78.810984,25.619755],[78.763579,25.720112],[78.885914,25.912578],[78.937906,25.952445],[78.94861,26.028057],[79.011307,26.083047],[78.994486,26.197152],[79.13823,26.338751],[79.135171,26.440483],[78.989899,26.579333],[79.00672,26.671442],[78.872151,26.697562],[78.7804,26.76905],[78.544905,26.763551],[78.395044,26.817166],[78.358344,26.869407],[78.222246,26.832288],[78.112145,26.79517],[78.089207,26.675566],[78.000514,26.694813],[77.904175,26.659069],[77.823128,26.550464],[77.74514,26.538091],[77.538699,26.411613],[77.437773,26.403365],[77.375076,26.364872],[77.271091,26.267264],[77.119702,26.213649],[76.998896,26.129789],[76.901028,26.09267],[76.852094,26.032181],[76.787868,25.944197],[76.715996,25.90158],[76.642595,25.908453],[76.546256,25.838341],[76.503439,25.670621],[76.515673,25.527646],[76.593661,25.408043],[76.670121,25.348928],[76.761872,25.320058],[76.856682,25.332431],[76.945374,25.284315],[77.083001,25.336555],[77.223687,25.318684],[77.234391,25.379173],[77.313909,25.431414],[77.36743,25.410792],[77.411777,25.223826],[77.393426,25.119344],[77.31238,25.080851],[77.269562,25.11522],[77.174753,25.111096],[77.08606,25.054731],[77.000425,25.075352],[76.876561,25.040983],[76.861269,24.961248],[76.949962,24.869139],[76.804689,24.807275],[76.855152,24.744036],[76.946904,24.759159],[77.034067,24.708293],[77.069239,24.55707],[76.977487,24.460837],[76.861269,24.548821],[76.816923,24.533699],[76.844448,24.436091],[76.832215,24.35773],[76.862798,24.272496],[76.922437,24.212006],[76.881149,24.130896],[76.801631,24.117148],[76.676237,24.191385],[76.644124,24.269746],[76.570723,24.209257],[76.504968,24.203758],[76.321466,24.245],[76.212894,24.209257],[76.118084,24.194135],[76.127259,24.088278],[76.041624,24.066282],[75.93764,23.897188],[75.793896,23.866943],[75.689911,23.747339],[75.582868,23.795456],[75.564518,23.855945],[75.462062,23.917809],[75.521701,24.02504],[75.702145,23.965925],[75.836713,24.056659],[75.751079,24.143269],[75.813775,24.245],[75.728141,24.396223],[75.78625,24.452588],[75.900939,24.442965],[75.920819,24.543322],[75.82448,24.66705],[75.784721,24.761908],[75.608864,24.682172],[75.549226,24.702794],[75.455946,24.680798],[75.18375,24.748161],[75.336669,24.952999],[75.351961,25.018987],[75.191396,25.036859],[75.113407,24.966747],[75.116466,24.877388],[75.038477,24.845768],[74.95896,24.858141],[74.90238,24.929628],[74.82592,24.899384],[74.861091,24.799027],[74.97731,24.764658],[74.992602,24.69317],[74.888617,24.634056],[74.804512,24.735788],[74.772399,24.661551],[74.786161,24.58594],[74.697468,24.482833],[74.815216,24.469085],[74.854975,24.423719],[74.781574,24.338484],[74.754048,24.242251],[74.867208,24.243626],[74.908496,24.212006],[74.879442,24.173513],[74.974251,24.040162],[74.90238,23.873817],[74.940609,23.765211],[74.922259,23.666229],[74.847329,23.552124],[74.772399,23.542501],[74.572075,23.420148],[74.529258,23.321166],[74.734169,23.220808],[74.50632,23.084708],[74.385514,23.112203],[74.319759,23.059962],[74.39316,22.896366],[74.460444,22.907364],[74.465032,22.816631],[74.402335,22.731396],[74.379397,22.635163],[74.263179,22.643412],[74.150019,22.521058],[74.058268,22.549928],[74.119435,22.419327],[74.215774,22.441323],[74.189778,22.320344],[74.068972,22.356088],[74.05368,22.298348],[74.122494,22.211739],[74.124023,22.097634],[74.094968,22.016524],[74.146961,21.950535],[74.281529,21.934038],[74.432919,22.030271],[74.452798,21.961533],[74.52467,21.912042],[74.504791,21.72645],[74.582779,21.664587],[74.775457,21.615095],[74.862621,21.634342],[75.05224,21.566979],[75.107291,21.462498],[75.211276,21.411632],[75.382545,21.380012],[75.608864,21.389636]]]]},"properties":{"name":"Madhya Pradesh"}},
{"type":"Feature","geometry":{"type":"MultiPolygon","coordinates":[[[[80.661301,21.333271],[80.621542,21.320898],[80.528261,21.395135],[80.422747,21.440502],[80.375343,21.524362],[80.2683,21.617845],[80.121498,21.610971],[80.066447,21.554606],[79.918116,21.524362],[79.739201,21.602723],[79.538877,21.540859],[79.509822,21.595849],[79.49606,21.67421],[79.392075,21.67421],[79.234569,21.718202],[79.223864,21.648089],[79.077062,21.605472],[78.974607,21.617845],[78.916498,21.59035],[78.899676,21.500991],[78.584664,21.487243],[78.511263,21.528486],[78.433274,21.496866],[78.419511,21.571103],[78.343052,21.588975],[78.223775,21.551857],[78.176371,21.499616],[78.029569,21.421255],[77.884296,21.384137],[77.80172,21.408882],[77.561637,21.396509],[77.488236,21.374513],[77.454594,21.553231],[77.5754,21.527111],[77.543287,21.704454],[77.479061,21.770443],[77.280267,21.75807],[77.209924,21.689332],[77.061593,21.712703],[77.040184,21.697581],[77.023363,21.687957],[77.006542,21.678334],[76.998896,21.692082],[76.902557,21.597224],[76.855152,21.613721],[76.781751,21.55873],[76.783281,21.463872],[76.621187,21.331896],[76.662475,21.28103],[76.622716,21.184797],[76.489676,21.191671],[76.477443,21.147679],[76.382633,21.076192],[76.167018,21.078941],[76.159372,21.25491],[76.095146,21.371764],[75.986574,21.369014],[75.608864,21.389636],[75.382545,21.380012],[75.211276,21.411632],[75.107291,21.462498],[75.05224,21.566979],[74.862621,21.634342],[74.775457,21.615095],[74.582779,21.664587],[74.504791,21.72645],[74.52467,21.912042],[74.452798,21.961533],[74.432919,22.030271],[74.281529,21.934038],[74.146961,21.950535],[73.938991,21.873549],[73.816656,21.840555],[73.824302,21.760819],[73.880882,21.714078],[73.813598,21.643965],[73.835006,21.520237],[73.981809,21.521612],[73.981809,21.522987],[74.163782,21.568354],[74.275413,21.56148],[74.321288,21.498241],[74.209657,21.462498],[74.046034,21.446001],[73.958871,21.395135],[73.94205,21.300277],[73.822773,21.270032],[73.815127,21.173799],[73.666796,21.154553],[73.737138,21.078941],[73.801364,21.02945],[73.807481,21.008829],[73.848769,20.999205],[73.848769,20.997831],[73.888528,20.933217],[73.94205,20.839734],[73.917583,20.724255],[73.874765,20.729754],[73.838065,20.621148],[73.744784,20.564783],[73.653033,20.564783],[73.614803,20.625272],[73.474118,20.72013],[73.406834,20.623897],[73.472589,20.58403],[73.468001,20.496045],[73.403776,20.386065],[73.416009,20.204597],[73.299791,20.210096],[73.249328,20.122112],[73.211098,20.120737],[73.137697,20.086368],[72.964899,20.127611],[72.96184,20.208722],[72.873147,20.226593],[72.775279,20.131735],[72.707995,20.073996],[72.732462,19.972264],[72.663649,19.933771],[72.654474,19.836163],[72.715641,19.646447],[72.718699,19.539216],[72.798217,19.304133],[72.784454,19.264265],[72.785984,19.129539],[72.839505,19.048429],[72.802805,18.905454],[72.836447,18.864212],[72.86856,18.799598],[72.856326,18.699241],[72.934315,18.541145],[72.894556,18.462784],[72.914435,18.354178],[73.029125,18.264819],[72.969486,18.242823],[72.972545,18.124594],[73.044416,17.981619],[73.177456,17.582941],[73.183572,17.384976],[73.24474,17.321737],[73.223331,17.265372],[73.289086,17.115524],[73.296732,16.984923],[73.276853,16.891439],[73.318141,16.80483],[73.305908,16.730593],[73.351783,16.615114],[73.347196,16.529879],[73.368604,16.363534],[73.411421,16.2728],[73.510819,15.93736],[73.588807,15.909865],[73.685146,15.728397],[73.874765,15.750393],[73.938991,15.742145],[73.990984,15.611543],[74.117906,15.651411],[74.122494,15.720149],[74.209657,15.780638],[74.238712,15.744894],[74.345755,15.764141],[74.387043,15.904366],[74.463503,16.039092],[74.371751,16.078959],[74.480324,16.147697],[74.480324,16.249429],[74.373281,16.261802],[74.316701,16.326415],[74.331993,16.454267],[74.315171,16.554624],[74.54455,16.635735],[74.570546,16.554624],[74.630184,16.583494],[74.695939,16.715471],[74.850387,16.77321],[74.919201,16.77321],[74.90238,16.862569],[75.08894,16.951928],[75.182221,16.843323],[75.264797,16.862569],[75.280089,16.956053],[75.341256,16.956053],[75.465121,16.989047],[75.529347,16.9698],[75.665444,16.979424],[75.67309,17.115524],[75.625685,17.173264],[75.65474,17.273621],[75.604277,17.30524],[75.573693,17.383601],[75.633331,17.477085],[75.813775,17.372603],[75.894822,17.401473],[75.931523,17.323112],[76.075267,17.33686],[76.229715,17.36573],[76.382633,17.314864],[76.371929,17.435842],[76.330641,17.470211],[76.33217,17.596688],[76.428509,17.64343],[76.489676,17.659927],[76.523319,17.760284],[76.656358,17.717667],[76.685413,17.681923],[76.714467,17.780905],[76.790926,17.826272],[76.740463,17.899134],[76.775635,17.877138],[76.919378,17.915631],[76.905616,18.009115],[76.95302,18.040734],[76.920907,18.11772],[76.951491,18.187833],[77.064651,18.150714],[77.246624,18.370675],[77.264975,18.422916],[77.316967,18.442162],[77.413306,18.392671],[77.408718,18.301937],[77.465298,18.262069],[77.550933,18.292314],[77.524937,18.37205],[77.584575,18.446286],[77.596808,18.549393],[77.739023,18.556267],[77.729848,18.666247],[77.787957,18.682744],[77.839949,18.805097],[77.948522,18.84359],[77.843008,18.908204],[77.797132,19.073174],[77.859829,19.180405],[77.862887,19.304133],[77.943934,19.342626],[78.041802,19.271139],[78.174841,19.238145],[78.193192,19.316506],[78.211542,19.427861],[78.30941,19.481477],[78.306352,19.606579],[78.275768,19.691814],[78.343052,19.71381],[78.364461,19.781173],[78.306352,19.911775],[78.381282,19.880155],[78.431745,19.814167],[78.575489,19.818291],[78.841567,19.761926],[78.859918,19.689064],[78.956256,19.65607],[78.936377,19.550214],[79.096942,19.532342],[79.190222,19.45948],[79.252919,19.592832],[79.366079,19.576335],[79.471593,19.500723],[79.743788,19.609329],[79.806485,19.579084],[79.864594,19.510346],[79.944112,19.470478],[79.977754,19.398991],[79.92882,19.158409],[79.858477,19.102044],[79.939524,19.034681],[79.960933,18.865587],[79.913528,18.825719],[80.019042,18.770729],[80.118439,18.679995],[80.275945,18.719863],[80.274416,18.765229],[80.349346,18.847715],[80.271358,18.942573],[80.329467,19.070425],[80.332525,19.144662],[80.393693,19.187279],[80.482386,19.337127],[80.577195,19.397617],[80.612367,19.309632],[80.751523,19.287636],[80.852449,19.364622],[80.895267,19.51997],[80.714822,19.616202],[80.672005,19.702812],[80.563433,19.759177],[80.546612,19.818291],[80.468623,19.82654],[80.529791,19.93927],[80.545083,20.100116],[80.505324,20.144108],[80.431923,20.13586],[80.395222,20.244465],[80.626129,20.332449],[80.590958,20.392939],[80.616954,20.585404],[80.520616,20.579905],[80.580254,20.673389],[80.561904,20.823237],[80.546612,20.934592],[80.464036,20.929093],[80.439569,21.096813],[80.464036,21.175174],[80.613896,21.22604],[80.661301,21.333271]]],[[[79.806485,19.579084],[79.864594,19.510346],[79.944112,19.470478],[79.977754,19.398991],[79.92882,19.158409],[79.858477,19.102044],[79.939524,19.034681],[79.960933,18.865587],[79.913528,18.825719],[80.019042,18.770729],[80.118439,18.679995],[80.275945,18.719863],[80.274416,18.765229],[80.349346,18.847715],[80.271358,18.942573],[80.329467,19.070425],[80.332525,19.144662],[80.393693,19.187279],[80.482386,19.337127],[80.577195,19.397617],[80.612367,19.309632],[80.751523,19.287636],[80.852449,19.364622],[80.895267,19.51997],[80.714822,19.616202],[80.672005,19.702812],[80.563433,19.759177],[80.546612,19.818291],[80.468623,19.82654],[80.529791,19.93927],[80.545083,20.100116],[80.505324,20.144108],[80.431923,20.13586],[80.395222,20.244465],[80.626129,20.332449],[80.590958,20.392939],[80.616954,20.585404],[80.520616,20.579905],[80.580254,20.673389],[80.561904,20.823237],[80.546612,20.934592],[80.464036,20.929093],[80.439569,21.096813],[80.464036,21.175174],[80.613896,21.22604],[80.661301,21.333271],[80.621542,21.320898],[80.528261,21.395135],[80.422747,21.440502],[80.375343,21.524362],[80.2683,21.617845],[80.121498,21.610971],[80.066447,21.554606],[79.918116,21.524362],[79.739201,21.602723],[79.538877,21.540859],[79.509822,21.595849],[79.49606,21.67421],[79.392075,21.67421],[79.234569,21.718202],[79.223864,21.648089],[79.077062,21.605472],[78.974607,21.617845],[78.916498,21.59035],[78.899676,21.500991],[78.584664,21.487243],[78.511263,21.528486],[78.433274,21.496866],[78.419511,21.571103],[78.343052,21.588975],[78.223775,21.551857],[78.176371,21.499616],[78.029569,21.421255],[77.884296,21.384137],[77.80172,21.408882],[77.561637,21.396509],[77.488236,21.374513],[77.454594,21.553231],[77.5754,21.527111],[77.543287,21.704454],[77.479061,21.770443],[77.280267,21.75807],[77.209924,21.689332],[77.061593,21.712703],[77.040184,21.697581],[77.023363,21.687957],[77.006542,21.678334],[76.998896,21.692082],[76.902557,21.597224],[76.855152,21.613721],[76.781751,21.55873],[76.783281,21.463872],[76.621187,21.331896],[76.662475,21.28103],[76.622716,21.184797],[76.489676,21.191671],[76.477443,21.147679],[76.382633,21.076192],[76.167018,21.078941],[76.159372,21.25491],[76.095146,21.371764],[75.986574,21.369014],[75.608864,21.389636],[75.382545,21.380012],[75.211276,21.411632],[75.107291,21.462498],[75.05224,21.566979],[74.862621,21.634342],[74.775457,21.615095],[74.582779,21.664587],[74.504791,21.72645],[74.52467,21.912042],[74.452798,21.961533],[74.432919,22.030271],[74.281529,21.934038],[74.146961,21.950535],[73.938991,21.873549],[73.816656,21.840555],[73.824302,21.760819],[73.880882,21.714078],[73.813598,21.643965],[73.835006,21.520237],[73.981809,21.521612],[73.981809,21.522987],[74.163782,21.568354],[74.275413,21.56148],[74.321288,21.498241],[74.209657,21.462498],[74.046034,21.446001],[73.958871,21.395135],[73.94205,21.300277],[73.822773,21.270032],[73.815127,21.173799],[73.666796,21.154553],[73.737138,21.078941],[73.801364,21.02945],[73.807481,21.008829],[73.848769,20.999205],[73.848769,20.997831],[73.888528,20.933217],[73.94205,20.839734],[73.917583,20.724255],[73.874765,20.729754],[73.838065,20.621148],[73.744784,20.564783],[73.653033,20.564783],[73.614803,20.625272],[73.474118,20.72013],[73.406834,20.623897],[73.472589,20.58403],[73.468001,20.496045],[73.403776,20.386065],[73.416009,20.204597],[73.299791,20.210096],[73.249328,20.122112],[73.211098,20.120737],[73.137697,20.086368],[72.964899,20.127611],[72.96184,20.208722],[72.873147,20.226593],[72.775279,20.131735],[72.707995,20.073996],[72.732462,19.972264],[72.663649,19.933771],[72.654474,19.836163],[72.715641,19.646447],[72.718699,19.539216],[72.798217,19.304133],[72.784454,19.264265],[72.785984,19.129539],[72.839505,19.048429],[72.802805,18.905454],[72.836447,18.864212],[72.86856,18.799598],[72.856326,18.699241],[72.934315,18.541145],[72.894556,18.462784],[72.914435,18.354178],[73.029125,18.264819],[72.969486,18.242823],[72.972545,18.124594],[73.044416,17.981619],[73.177456,17.582941],[73.183572,17.384976],[73.24474,17.321737],[73.223331,17.265372],[73.289086,17.115524],[73.296732,16.984923],[73.276853,16.891439],[73.318141,16.80483],[73.305908,16.730593],[73.351783,16.615114],[73.347196,16.529879],[73.368604,16.363534],[73.411421,16.2728],[73.510819,15.93736],[73.588807,15.909865],[73.685146,15.728397],[73.874765,15.750393],[73.938991,15.742145],[73.990984,15.611543],[74.117906,15.651411],[74.122494,15.720149],[74.209657,15.780638],[74.238712,15.744894],[74.345755,15.764141],[74.387043,15.904366],[74.463503,16.039092],[74.371751,16.078959],[74.480324,16.147697],[74.480324,16.249429],[74.373281,16.261802],[74.316701,16.326415],[74.331993,16.454267],[74.315171,16.554624],[74.54455,16.635735],[74.570546,16.554624],[74.630184,16.583494],[74.695939,16.715471],[74.850387,16.77321],[74.919201,16.77321],[74.90238,16.862569],[75.08894,16.951928],[75.182221,16.843323],[75.264797,16.862569],[75.280089,16.956053],[75.341256,16.956053],[75.465121,16.989047],[75.529347,16.9698],[75.665444,16.979424],[75.67309,17.115524],[75.625685,17.173264],[75.65474,17.273621],[75.604277,17.30524],[75.573693,17.383601],[75.633331,17.477085],[75.813775,17.372603],[75.894822,17.401473],[75.931523,17.323112],[76.075267,17.33686],[76.229715,17.36573],[76.382633,17.314864],[76.371929,17.435842],[76.330641,17.470211],[76.33217,17.596688],[76.428509,17.64343],[76.489676,17.659927],[76.523319,17.760284],[76.656358,17.717667],[76.685413,17.681923],[76.714467,17.780905],[76.790926,17.826272],[76.740463,17.899134],[76.775635,17.877138],[76.919378,17.915631],[76.905616,18.009115],[76.95302,18.040734],[76.920907,18.11772],[76.951491,18.187833],[77.064651,18.150714],[77.246624,18.370675],[77.264975,18.422916],[77.316967,18.442162],[77.413306,18.392671],[77.408718,18.301937],[77.465298,18.262069],[77.550933,18.292314],[77.524937,18.37205],[77.584575,18.446286],[77.596808,18.549393],[77.739023,18.556267],[77.729848,18.666247],[77.787957,18.682744],[77.839949,18.805097],[77.948522,18.84359],[77.843008,18.908204],[77.797132,19.073174],[77.859829,19.180405],[77.862887,19.304133],[77.943934,19.342626],[78.041802,19.271139],[78.174841,19.238145],[78.193192,19.316506],[78.211542,19.427861],[78.30941,19.481477],[78.306352,19.606579],[78.275768,19.691814],[78.343052,19.71381],[78.364461,19.781173],[78.306352,19.911775],[78.381282,19.880155],[78.431745,19.814167],[78.575489,19.818291],[78.841567,19.761926],[78.859918,19.689064],[78.956256,19.65607],[78.936377,19.550214],[79.096942,19.532342],[79.190222,19.45948],[79.252919,19.592832],[79.366079,19.576335],[79.471593,19.500723],[79.743788,19.609329],[79.806485,19.579084]]]]},"properties":{"name":"Maharashtra"}},
{"type":"Feature","geometry":{"type":"MultiPolygon","coordinates":[[[[83.268566,21.377263],[83.271624,21.377263],[83.274683,21.377263],[83.39243,21.342894],[83.398547,21.404758],[83.337379,21.500991],[83.383255,21.620594],[83.48724,21.643965],[83.461244,21.697581],[83.591225,21.825433],[83.539232,21.965658],[83.537703,22.045393],[83.627925,22.20349],[83.802253,22.294224],[83.86342,22.343715],[84.010222,22.37121],[84.046923,22.468818],[84.011751,22.527932],[84.010222,22.573299],[84.083623,22.637913],[84.152437,22.636538],[84.238071,22.691528],[84.293122,22.772639],[84.323706,22.851],[84.397107,22.927986],[84.374169,22.978852],[84.178433,22.980226],[84.063744,23.113578],[84.037747,23.171317],[84.074448,23.333538],[83.962817,23.385779],[84.01481,23.504008],[84.016339,23.63461],[83.93835,23.568621],[83.774727,23.609864],[83.705914,23.820201],[83.571345,23.862819],[83.514765,23.981048],[83.432189,24.085529],[83.329733,24.102026],[83.207398,23.921933],[83.09118,23.871067],[82.947437,23.871067],[82.812868,23.961801],[82.693591,23.919184],[82.635482,23.838073],[82.497855,23.784458],[82.260831,23.821576],[82.208839,23.853195],[82.081916,23.816077],[82.006986,23.861444],[81.921352,23.871067],[81.809721,23.807829],[81.725615,23.839448],[81.667506,23.924683],[81.60328,23.884815],[81.610926,23.836698],[81.696561,23.721219],[81.613985,23.663479],[81.610926,23.512256],[81.757728,23.549375],[81.820425,23.515006],[81.916764,23.534252],[81.985577,23.414649],[82.103325,23.398152],[82.199664,23.314292],[82.123204,23.103954],[81.94276,23.079209],[81.950406,22.982976],[81.861713,22.889493],[81.776079,22.87437],[81.794429,22.765765],[81.731732,22.676406],[81.728674,22.669532],[81.649156,22.614542],[81.621631,22.537556],[81.474829,22.489439],[81.328027,22.525183],[81.248509,22.459195],[81.193458,22.490814],[81.110882,22.435824],[81.118528,22.291475],[81.045127,22.240609],[81.003839,22.059141],[80.9075,22.110007],[80.83257,21.89692],[80.846333,21.835056],[80.817278,21.762194],[80.75611,21.762194],[80.714822,21.661837],[80.73776,21.473496],[80.661301,21.333271],[80.613896,21.22604],[80.464036,21.175174],[80.439569,21.096813],[80.464036,20.929093],[80.546612,20.934592],[80.561904,20.823237],[80.580254,20.673389],[80.520616,20.579905],[80.616954,20.585404],[80.590958,20.392939],[80.626129,20.332449],[80.395222,20.244465],[80.431923,20.13586],[80.505324,20.144108],[80.545083,20.100116],[80.529791,19.93927],[80.468623,19.82654],[80.546612,19.818291],[80.563433,19.759177],[80.672005,19.702812],[80.714822,19.616202],[80.895267,19.51997],[80.852449,19.364622],[80.751523,19.287636],[80.612367,19.309632],[80.577195,19.397617],[80.482386,19.337127],[80.393693,19.187279],[80.332525,19.144662],[80.329467,19.070425],[80.271358,18.942573],[80.349346,18.847715],[80.274416,18.765229],[80.275945,18.719863],[80.372284,18.611257],[80.45486,18.630504],[80.636834,18.523273],[80.705647,18.439413],[80.748464,18.308811],[80.75611,18.169961],[80.852449,18.205704],[80.866212,18.139716],[80.979372,18.165837],[80.970197,18.047608],[81.016072,17.794653],[81.084886,17.797402],[81.165933,17.857892],[81.26533,17.81115],[81.39684,17.818024],[81.399898,17.893635],[81.482475,17.977495],[81.480945,18.051732],[81.525292,18.153464],[81.529879,18.240073],[81.658331,18.347304],[81.750083,18.354178],[81.769962,18.418791],[81.910647,18.570014],[81.899943,18.660748],[82.091091,18.737734],[82.158376,18.7886],[82.176726,18.902705],[82.245539,18.919202],[82.20578,19.121291],[82.161434,19.202401],[82.188959,19.427861],[82.126263,19.429236],[82.100267,19.51722],[82.028395,19.507597],[82.058978,19.628575],[82.065095,19.790796],[81.985577,19.801794],[81.968756,19.859534],[81.869359,19.902151],[81.844892,19.951643],[81.875476,20.050625],[81.875476,20.052],[81.945819,20.105615],[82.01769,20.04925],[82.069683,20.057499],[82.184372,19.984637],[82.268477,19.975013],[82.344937,19.836163],[82.445863,19.9104],[82.531497,19.878781],[82.594194,19.775674],[82.69665,19.830664],[82.718058,19.988761],[82.398458,20.056124],[82.386225,20.145483],[82.421396,20.204597],[82.399987,20.340698],[82.438217,20.434181],[82.332703,20.562033],[82.377049,20.632146],[82.352582,20.700884],[82.33882,20.874103],[82.459626,20.825986],[82.48868,20.908472],[82.560552,20.946965],[82.638541,21.088564],[82.64007,21.154553],[82.965787,21.175174],[83.077418,21.111935],[83.192107,21.13943],[83.268566,21.377263]]],[[[82.01769,20.04925],[82.069683,20.057499],[82.184372,19.984637],[82.268477,19.975013],[82.344937,19.836163],[82.445863,19.9104],[82.531497,19.878781],[82.594194,19.775674],[82.69665,19.830664],[82.718058,19.988761],[82.398458,20.056124],[82.386225,20.145483],[82.421396,20.204597],[82.399987,20.340698],[82.438217,20.434181],[82.332703,20.562033],[82.377049,20.632146],[82.352582,20.700884],[82.33882,20.874103],[82.459626,20.825986],[82.48868,20.908472],[82.560552,20.946965],[82.638541,21.088564],[82.64007,21.154553],[82.965787,21.175174],[83.077418,21.111935],[83.192107,21.13943],[83.268566,21.377263],[83.271624,21.377263],[83.274683,21.377263],[83.39243,21.342894],[83.398547,21.404758],[83.337379,21.500991],[83.383255,21.620594],[83.48724,21.643965],[83.461244,21.697581],[83.591225,21.825433],[83.539232,21.965658],[83.537703,22.045393],[83.627925,22.20349],[83.802253,22.294224],[83.86342,22.343715],[84.010222,22.37121],[84.046923,22.468818],[84.011751,22.527932],[84.010222,22.573299],[84.083623,22.637913],[84.152437,22.636538],[84.238071,22.691528],[84.293122,22.772639],[84.323706,22.851],[84.397107,22.927986],[84.374169,22.978852],[84.178433,22.980226],[84.063744,23.113578],[84.037747,23.171317],[84.074448,23.333538],[83.962817,23.385779],[84.01481,23.504008],[84.016339,23.63461],[83.93835,23.568621],[83.774727,23.609864],[83.705914,23.820201],[83.571345,23.862819],[83.514765,23.981048],[83.432189,24.085529],[83.329733,24.102026],[83.207398,23.921933],[83.09118,23.871067],[82.947437,23.871067],[82.812868,23.961801],[82.693591,23.919184],[82.635482,23.838073],[82.497855,23.784458],[82.260831,23.821576],[82.208839,23.853195],[82.081916,23.816077],[82.006986,23.861444],[81.921352,23.871067],[81.809721,23.807829],[81.725615,23.839448],[81.667506,23.924683],[81.60328,23.884815],[81.610926,23.836698],[81.696561,23.721219],[81.613985,23.663479],[81.610926,23.512256],[81.757728,23.549375],[81.820425,23.515006],[81.916764,23.534252],[81.985577,23.414649],[82.103325,23.398152],[82.199664,23.314292],[82.123204,23.103954],[81.94276,23.079209],[81.950406,22.982976],[81.861713,22.889493],[81.776079,22.87437],[81.794429,22.765765],[81.731732,22.676406],[81.728674,22.669532],[81.649156,22.614542],[81.621631,22.537556],[81.474829,22.489439],[81.328027,22.525183],[81.248509,22.459195],[81.193458,22.490814],[81.110882,22.435824],[81.118528,22.291475],[81.045127,22.240609],[81.003839,22.059141],[80.9075,22.110007],[80.83257,21.89692],[80.846333,21.835056],[80.817278,21.762194],[80.75611,21.762194],[80.714822,21.661837],[80.73776,21.473496],[80.661301,21.333271],[80.613896,21.22604],[80.464036,21.175174],[80.439569,21.096813],[80.464036,20.929093],[80.546612,20.934592],[80.561904,20.823237],[80.580254,20.673389],[80.520616,20.579905],[80.616954,20.585404],[80.590958,20.392939],[80.626129,20.332449],[80.395222,20.244465],[80.431923,20.13586],[80.505324,20.144108],[80.545083,20.100116],[80.529791,19.93927],[80.468623,19.82654],[80.546612,19.818291],[80.563433,19.759177],[80.672005,19.702812],[80.714822,19.616202],[80.895267,19.51997],[80.852449,19.364622],[80.751523,19.287636],[80.612367,19.309632],[80.577195,19.397617],[80.482386,19.337127],[80.393693,19.187279],[80.332525,19.144662],[80.329467,19.070425],[80.271358,18.942573],[80.349346,18.847715],[80.274416,18.765229],[80.275945,18.719863],[80.372284,18.611257],[80.45486,18.630504],[80.636834,18.523273],[80.705647,18.439413],[80.748464,18.308811],[80.75611,18.169961],[80.852449,18.205704],[80.866212,18.139716],[80.979372,18.165837],[80.970197,18.047608],[81.016072,17.794653],[81.084886,17.797402],[81.165933,17.857892],[81.26533,17.81115],[81.39684,17.818024],[81.399898,17.893635],[81.482475,17.977495],[81.480945,18.051732],[81.525292,18.153464],[81.529879,18.240073],[81.658331,18.347304],[81.750083,18.354178],[81.769962,18.418791],[81.910647,18.570014],[81.899943,18.660748],[82.091091,18.737734],[82.158376,18.7886],[82.176726,18.902705],[82.245539,18.919202],[82.20578,19.121291],[82.161434,19.202401],[82.188959,19.427861],[82.126263,19.429236],[82.100267,19.51722],[82.028395,19.507597],[82.058978,19.628575],[82.065095,19.790796],[81.985577,19.801794],[81.968756,19.859534],[81.869359,19.902151],[81.844892,19.951643],[81.875476,20.050625],[81.875476,20.052],[81.945819,20.105615],[82.01769,20.04925]]]]},"properties":{"name":"Chhattisgarh"}},
{"type":"Feature","geometry":{"type":"MultiPolygon","coordinates":[[[[72.775279,20.131735],[72.873147,20.226593],[72.96184,20.208722],[72.932786,20.295331],[73.042887,20.325576],[73.166751,20.288457],[73.134638,20.199098],[73.211098,20.120737],[73.249328,20.122112],[73.299791,20.210096],[73.416009,20.204597],[73.403776,20.386065],[73.468001,20.496045],[73.472589,20.58403],[73.406834,20.623897],[73.474118,20.72013],[73.614803,20.625272],[73.653033,20.564783],[73.744784,20.564783],[73.838065,20.621148],[73.874765,20.729754],[73.917583,20.724255],[73.94205,20.839734],[73.888528,20.933217],[73.848769,20.997831],[73.848769,20.999205],[73.807481,21.008829],[73.801364,21.02945],[73.737138,21.078941],[73.666796,21.154553],[73.815127,21.173799],[73.822773,21.270032],[73.94205,21.300277],[73.958871,21.395135],[74.046034,21.446001],[74.209657,21.462498],[74.321288,21.498241],[74.275413,21.56148],[74.163782,21.568354],[73.981809,21.522987],[73.981809,21.521612],[73.835006,21.520237],[73.813598,21.643965],[73.880882,21.714078],[73.824302,21.760819],[73.816656,21.840555],[73.938991,21.873549],[74.146961,21.950535],[74.094968,22.016524],[74.124023,22.097634],[74.122494,22.211739],[74.05368,22.298348],[74.068972,22.356088],[74.189778,22.320344],[74.215774,22.441323],[74.119435,22.419327],[74.058268,22.549928],[74.150019,22.521058],[74.263179,22.643412],[74.379397,22.635163],[74.402335,22.731396],[74.465032,22.816631],[74.460444,22.907364],[74.39316,22.896366],[74.319759,23.059962],[74.247887,23.18369],[74.127081,23.175442],[74.139315,23.266175],[73.981809,23.337663],[73.958871,23.38028],[73.891586,23.334913],[73.830419,23.425647],[73.755489,23.454517],[73.627037,23.449018],[73.656092,23.620862],[73.571986,23.653856],[73.523052,23.607114],[73.474118,23.704722],[73.368604,23.814702],[73.377779,23.904061],[73.416009,23.924683],[73.405305,24.041537],[73.316612,24.05391],[73.243211,24.001669],[73.214156,24.07728],[73.125463,24.125397],[73.067354,24.194135],[73.15146,24.354981],[73.076529,24.396223],[73.087234,24.497955],[73.001599,24.480084],[72.958782,24.36048],[72.727875,24.367354],[72.683528,24.463586],[72.519905,24.500705],[72.500026,24.416845],[72.353224,24.563944],[72.334873,24.632681],[72.165133,24.621683],[72.05809,24.712417],[71.918934,24.672549],[71.792012,24.676673],[71.655914,24.639555],[71.608509,24.676673],[71.478528,24.679423],[71.377602,24.625807],[71.28738,24.616184],[71.187982,24.650553],[71.111523,24.675299],[70.98613,24.595563],[70.998363,24.44434],[71.102348,24.436091],[71.048826,24.356356],[70.98613,24.365979],[70.874499,24.294492],[70.805685,24.220255],[70.668059,24.21888],[70.57172,24.251874],[70.573249,24.422344],[70.109905,24.294492],[70.0258,24.170764],[69.732196,24.170764],[69.594569,24.293117],[69.492113,24.266997],[69.313198,24.280744],[69.193922,24.236752],[69.094524,24.27387],[69.002773,24.223004],[68.946193,24.30274],[68.848325,24.239501],[68.76422,24.295866],[68.753515,23.971424],[68.339106,23.965925],[68.209125,23.875192],[68.172424,23.696473],[68.100552,23.678602],[68.14184,23.601615],[68.310051,23.578245],[68.326872,23.495759],[68.415565,23.486136],[68.400273,23.420148],[68.550133,23.355534],[68.531783,23.279923],[68.63271,23.169943],[69.131225,22.87437],[69.417183,22.811132],[69.64809,22.796009],[69.768896,22.826254],[69.926402,22.896366],[70.08085,22.919737],[70.164956,23.066836],[70.311758,23.215309],[70.424918,23.216684],[70.504435,23.176816],[70.718522,23.189189],[70.689467,23.117702],[70.561015,23.029718],[70.49679,22.933485],[70.449385,22.844126],[70.398922,22.904615],[70.291878,22.765765],[70.218477,22.717648],[70.223065,22.661283],[70.125197,22.552678],[69.975336,22.543055],[69.863706,22.463319],[69.753604,22.417952],[69.620565,22.37121],[69.541047,22.376709],[69.490584,22.336841],[69.340724,22.312096],[69.17863,22.213114],[69.163338,22.347839],[69.005831,22.439948],[68.937018,22.310721],[68.966073,22.233735],[69.216859,21.957409],[69.351428,21.83918],[69.395774,21.888671],[69.371307,21.829557],[69.707729,21.53536],[69.981453,21.227415],[70.091555,21.114685],[70.239886,20.992332],[70.447856,20.847982],[70.827094,20.689886],[70.920375,20.742126],[70.999892,20.742126],[71.050356,20.731128],[71.206333,20.795742],[71.321022,20.846608],[71.43724,20.868604],[71.510641,20.944215],[71.677323,20.996456],[71.822595,21.080316],[72.113141,21.198545],[72.108553,21.301651],[72.235476,21.455624],[72.308877,21.624719],[72.194188,21.749821],[72.241593,21.824058],[72.204892,21.891421],[72.244651,21.994528],[72.337932,22.17737],[72.376161,22.314845],[72.460267,22.257106],[72.515317,22.321719],[72.659061,22.279102],[72.946548,22.292849],[72.867031,22.214488],[72.752342,22.173246],[72.648357,22.215863],[72.56731,22.181494],[72.509201,21.943662],[72.622361,21.808936],[72.542843,21.733324],[72.700349,21.64534],[72.610127,21.580726],[72.706466,21.527111],[72.73552,21.47487],[72.692703,21.461123],[72.654474,21.345643],[72.597894,21.316774],[72.637652,21.210918],[72.620831,21.099562],[72.750812,21.062444],[72.721758,21.048697],[72.854797,20.750375],[72.903731,20.575781],[72.88691,20.461676],[72.828801,20.368193],[72.778338,20.336574],[72.740108,20.24309],[72.775279,20.131735]]],[[[72.356282,21.797938],[72.437329,21.927165],[72.374632,22.028896],[72.292056,21.967032],[72.310406,21.840555],[72.356282,21.797938]]],[[[72.73552,21.47487],[72.692703,21.461123],[72.654474,21.345643],[72.597894,21.316774],[72.637652,21.210918],[72.620831,21.099562],[72.750812,21.062444],[72.721758,21.048697],[72.854797,20.750375],[72.903731,20.575781],[72.88691,20.461676],[72.828801,20.368193],[72.778338,20.336574],[72.740108,20.24309],[72.775279,20.131735],[72.873147,20.226593],[72.96184,20.208722],[72.932786,20.295331],[73.042887,20.325576],[73.166751,20.288457],[73.134638,20.199098],[73.211098,20.120737],[73.249328,20.122112],[73.299791,20.210096],[73.416009,20.204597],[73.403776,20.386065],[73.468001,20.496045],[73.472589,20.58403],[73.406834,20.623897],[73.474118,20.72013],[73.614803,20.625272],[73.653033,20.564783],[73.744784,20.564783],[73.838065,20.621148],[73.874765,20.729754],[73.917583,20.724255],[73.94205,20.839734],[73.888528,20.933217],[73.848769,20.997831],[73.848769,20.999205],[73.807481,21.008829],[73.801364,21.02945],[73.737138,21.078941],[73.666796,21.154553],[73.815127,21.173799],[73.822773,21.270032],[73.94205,21.300277],[73.958871,21.395135],[74.046034,21.446001],[74.209657,21.462498],[74.321288,21.498241],[74.275413,21.56148],[74.163782,21.568354],[73.981809,21.522987],[73.981809,21.521612],[73.835006,21.520237],[73.813598,21.643965],[73.880882,21.714078],[73.824302,21.760819],[73.816656,21.840555],[73.938991,21.873549],[74.146961,21.950535],[74.094968,22.016524],[74.124023,22.097634],[74.122494,22.211739],[74.05368,22.298348],[74.068972,22.356088],[74.189778,22.320344],[74.215774,22.441323],[74.119435,22.419327],[74.058268,22.549928],[74.150019,22.521058],[74.263179,22.643412],[74.379397,22.635163],[74.402335,22.731396],[74.465032,22.816631],[74.460444,22.907364],[74.39316,22.896366],[74.319759,23.059962],[74.247887,23.18369],[74.127081,23.175442],[74.139315,23.266175],[73.981809,23.337663],[73.958871,23.38028],[73.891586,23.334913],[73.830419,23.425647],[73.755489,23.454517],[73.627037,23.449018],[73.656092,23.620862],[73.571986,23.653856],[73.523052,23.607114],[73.474118,23.704722],[73.368604,23.814702],[73.377779,23.904061],[73.416009,23.924683],[73.405305,24.041537],[73.316612,24.05391],[73.243211,24.001669],[73.214156,24.07728],[73.125463,24.125397],[73.067354,24.194135],[73.15146,24.354981],[73.076529,24.396223],[73.087234,24.497955],[73.001599,24.480084],[72.958782,24.36048],[72.727875,24.367354],[72.683528,24.463586],[72.519905,24.500705],[72.500026,24.416845],[72.353224,24.563944],[72.334873,24.632681],[72.165133,24.621683],[72.05809,24.712417],[71.918934,24.672549],[71.792012,24.676673],[71.655914,24.639555],[71.608509,24.676673],[71.478528,24.679423],[71.377602,24.625807],[71.28738,24.616184],[71.187982,24.650553],[71.111523,24.675299],[70.98613,24.595563],[70.998363,24.44434],[71.102348,24.436091],[71.048826,24.356356],[70.98613,24.365979],[70.874499,24.294492],[70.805685,24.220255],[70.668059,24.21888],[70.57172,24.251874],[70.573249,24.422344],[70.109905,24.294492],[70.0258,24.170764],[69.732196,24.170764],[69.594569,24.293117],[69.492113,24.266997],[69.313198,24.280744],[69.193922,24.236752],[69.094524,24.27387],[69.002773,24.223004],[68.946193,24.30274],[68.848325,24.239501],[68.76422,24.295866],[68.753515,23.971424],[68.339106,23.965925],[68.209125,23.875192],[68.172424,23.696473],[68.100552,23.678602],[68.14184,23.601615],[68.310051,23.578245],[68.326872,23.495759],[68.415565,23.486136],[68.400273,23.420148],[68.550133,23.355534],[68.531783,23.279923],[68.63271,23.169943],[69.131225,22.87437],[69.417183,22.811132],[69.64809,22.796009],[69.768896,22.826254],[69.926402,22.896366],[70.08085,22.919737],[70.164956,23.066836],[70.311758,23.215309],[70.424918,23.216684],[70.504435,23.176816],[70.718522,23.189189],[70.689467,23.117702],[70.561015,23.029718],[70.49679,22.933485],[70.449385,22.844126],[70.398922,22.904615],[70.291878,22.765765],[70.218477,22.717648],[70.223065,22.661283],[70.125197,22.552678],[69.975336,22.543055],[69.863706,22.463319],[69.753604,22.417952],[69.620565,22.37121],[69.541047,22.376709],[69.490584,22.336841],[69.340724,22.312096],[69.17863,22.213114],[69.163338,22.347839],[69.005831,22.439948],[68.937018,22.310721],[68.966073,22.233735],[69.216859,21.957409],[69.351428,21.83918],[69.395774,21.888671],[69.371307,21.829557],[69.707729,21.53536],[69.981453,21.227415],[70.091555,21.114685],[70.239886,20.992332],[70.447856,20.847982],[70.827094,20.689886],[70.920375,20.742126],[70.999892,20.742126],[71.050356,20.731128],[71.206333,20.795742],[71.321022,20.846608],[71.43724,20.868604],[71.510641,20.944215],[71.677323,20.996456],[71.822595,21.080316],[72.113141,21.198545],[72.108553,21.301651],[72.235476,21.455624],[72.308877,21.624719],[72.194188,21.749821],[72.241593,21.824058],[72.204892,21.891421],[72.244651,21.994528],[72.337932,22.17737],[72.376161,22.314845],[72.460267,22.257106],[72.515317,22.321719],[72.659061,22.279102],[72.946548,22.292849],[72.867031,22.214488],[72.752342,22.173246],[72.648357,22.215863],[72.56731,22.181494],[72.509201,21.943662],[72.622361,21.808936],[72.542843,21.733324],[72.700349,21.64534],[72.610127,21.580726],[72.706466,21.527111],[72.73552,21.47487]]],[[[72.356282,21.797938],[72.437329,21.927165],[72.374632,22.028896],[72.292056,21.967032],[72.310406,21.840555],[72.356282,21.797938]]]]},"properties":{"name":"Gujarat"}},
{"type":"Feature","geometry":{"type":"MultiPolygon","coordinates":[[[[86.859099,21.213667],[86.949321,21.358016],[87.148115,21.509239],[87.219987,21.53536],[87.408077,21.544983],[87.484537,21.615095],[87.441719,21.767693],[87.282684,21.803437],[87.249042,21.854303],[87.242925,21.964283],[87.108357,21.924415],[87.100711,21.863926],[87.001313,21.913417],[87.028839,22.03852],[86.964613,22.085261],[86.83769,22.097634],[86.727589,22.215863],[86.554791,22.298348],[86.496681,22.346465],[86.429397,22.31622],[86.359055,22.349214],[86.282595,22.448197],[86.118972,22.48669],[86.06698,22.556802],[85.962995,22.485315],[86.018046,22.4262],[86.02875,22.334092],[85.973699,22.247482],[86.031808,22.189743],[86.008871,22.115506],[85.89724,21.98353],[85.78408,21.984904],[85.748909,22.074263],[85.683154,22.057766],[85.397195,22.163622],[85.27486,22.082512],[85.23816,22.00965],[85.180051,22.072889],[85.028661,22.12238],[85.077595,22.257106],[85.069949,22.490814],[84.958318,22.445447],[84.809987,22.453696],[84.750349,22.419327],[84.534733,22.427575],[84.42922,22.351964],[84.291593,22.34234],[84.196783,22.378084],[84.111148,22.477066],[84.011751,22.527932],[84.046923,22.468818],[84.010222,22.37121],[83.86342,22.343715],[83.802253,22.294224],[83.627925,22.20349],[83.537703,22.045393],[83.539232,21.965658],[83.591225,21.825433],[83.461244,21.697581],[83.48724,21.643965],[83.383255,21.620594],[83.337379,21.500991],[83.398547,21.404758],[83.39243,21.342894],[83.274683,21.377263],[83.271624,21.377263],[83.268566,21.377263],[83.192107,21.13943],[83.077418,21.111935],[82.965787,21.175174],[82.64007,21.154553],[82.638541,21.088564],[82.560552,20.946965],[82.48868,20.908472],[82.459626,20.825986],[82.33882,20.874103],[82.352582,20.700884],[82.377049,20.632146],[82.332703,20.562033],[82.438217,20.434181],[82.399987,20.340698],[82.421396,20.204597],[82.386225,20.145483],[82.398458,20.056124],[82.718058,19.988761],[82.69665,19.830664],[82.594194,19.775674],[82.531497,19.878781],[82.445863,19.9104],[82.344937,19.836163],[82.268477,19.975013],[82.184372,19.984637],[82.069683,20.057499],[82.01769,20.04925],[81.945819,20.105615],[81.875476,20.052],[81.875476,20.050625],[81.844892,19.951643],[81.869359,19.902151],[81.968756,19.859534],[81.985577,19.801794],[82.065095,19.790796],[82.058978,19.628575],[82.028395,19.507597],[82.100267,19.51722],[82.126263,19.429236],[82.188959,19.427861],[82.161434,19.202401],[82.20578,19.121291],[82.245539,18.919202],[82.176726,18.902705],[82.158376,18.7886],[82.091091,18.737734],[81.899943,18.660748],[81.910647,18.570014],[81.769962,18.418791],[81.750083,18.354178],[81.658331,18.347304],[81.529879,18.240073],[81.525292,18.153464],[81.480945,18.051732],[81.482475,17.977495],[81.399898,17.893635],[81.39684,17.818024],[81.617043,17.823523],[81.71644,17.875763],[81.809721,17.956874],[81.979461,18.013239],[82.031453,18.069604],[82.167551,18.053107],[82.250127,17.992618],[82.31894,18.044858],[82.351053,18.17271],[82.314353,18.185083],[82.383166,18.367925],[82.361758,18.421541],[82.427513,18.486154],[82.485622,18.528772],[82.606428,18.366551],[82.586548,18.277192],[82.773109,18.341805],[82.806751,18.451785],[82.893915,18.381673],[82.968845,18.361052],[83.077418,18.403669],[83.019308,18.457285],[83.043775,18.545269],[82.999429,18.608507],[83.135527,18.785851],[83.20434,18.752857],[83.41231,18.873835],[83.3175,18.974192],[83.348084,19.018184],[83.459714,18.95632],[83.481123,19.034681],[83.608046,19.096545],[83.663096,19.099295],[83.756377,18.910953],[83.747202,18.993439],[83.793077,19.018184],[83.890945,18.816095],[84.036218,18.81747],[84.08974,18.758356],[84.224308,18.799598],[84.319118,18.7886],[84.435336,18.924701],[84.423103,18.949447],[84.514854,19.049804],[84.591313,19.023683],[84.623426,19.085547],[84.701415,19.118541],[84.765641,19.077299],[84.811516,19.157034],[84.981256,19.316506],[85.079124,19.37562],[85.172405,19.467729],[85.352849,19.588707],[85.678566,19.745429],[85.885006,19.812792],[86.227544,19.900777],[86.369759,19.981887],[86.533382,20.181227],[86.680184,20.263712],[86.776523,20.335199],[86.736764,20.461676],[86.788756,20.534538],[87.056364,20.714631],[87.022722,20.770996],[86.860628,20.77512],[86.805577,20.735253],[86.865216,20.783369],[86.967671,20.791617],[86.976846,20.860355],[86.852982,21.094063],[86.859099,21.213667]]],[[[85.683154,22.057766],[85.397195,22.163622],[85.27486,22.082512],[85.23816,22.00965],[85.180051,22.072889],[85.028661,22.12238],[85.077595,22.257106],[85.069949,22.490814],[84.958318,22.445447],[84.809987,22.453696],[84.750349,22.419327],[84.534733,22.427575],[84.42922,22.351964],[84.291593,22.34234],[84.196783,22.378084],[84.111148,22.477066],[84.011751,22.527932],[84.046923,22.468818],[84.010222,22.37121],[83.86342,22.343715],[83.802253,22.294224],[83.627925,22.20349],[83.537703,22.045393],[83.539232,21.965658],[83.591225,21.825433],[83.461244,21.697581],[83.48724,21.643965],[83.383255,21.620594],[83.337379,21.500991],[83.398547,21.404758],[83.39243,21.342894],[83.274683,21.377263],[83.271624,21.377263],[83.268566,21.377263],[83.192107,21.13943],[83.077418,21.111935],[82.965787,21.175174],[82.64007,21.154553],[82.638541,21.088564],[82.560552,20.946965],[82.48868,20.908472],[82.459626,20.825986],[82.33882,20.874103],[82.352582,20.700884],[82.377049,20.632146],[82.332703,20.562033],[82.438217,20.434181],[82.399987,20.340698],[82.421396,20.204597],[82.386225,20.145483],[82.398458,20.056124],[82.718058,19.988761],[82.69665,19.830664],[82.594194,19.775674],[82.531497,19.878781],[82.445863,19.9104],[82.344937,19.836163],[82.268477,19.975013],[82.184372,19.984637],[82.069683,20.057499],[82.01769,20.04925],[81.945819,20.105615],[81.875476,20.052],[81.875476,20.050625],[81.844892,19.951643],[81.869359,19.902151],[81.968756,19.859534],[81.985577,19.801794],[82.065095,19.790796],[82.058978,19.628575],[82.028395,19.507597],[82.100267,19.51722],[82.126263,19.429236],[82.188959,19.427861],[82.161434,19.202401],[82.20578,19.121291],[82.245539,18.919202],[82.176726,18.902705],[82.158376,18.7886],[82.091091,18.737734],[81.899943,18.660748],[81.910647,18.570014],[81.769962,18.418791],[81.750083,18.354178],[81.658331,18.347304],[81.529879,18.240073],[81.525292,18.153464],[81.480945,18.051732],[81.482475,17.977495],[81.399898,17.893635],[81.39684,17.818024],[81.617043,17.823523],[81.71644,17.875763],[81.809721,17.956874],[81.979461,18.013239],[82.031453,18.069604],[82.167551,18.053107],[82.250127,17.992618],[82.31894,18.044858],[82.351053,18.17271],[82.314353,18.185083],[82.383166,18.367925],[82.361758,18.421541],[82.427513,18.486154],[82.485622,18.528772],[82.606428,18.366551],[82.586548,18.277192],[82.773109,18.341805],[82.806751,18.451785],[82.893915,18.381673],[82.968845,18.361052],[83.077418,18.403669],[83.019308,18.457285],[83.043775,18.545269],[82.999429,18.608507],[83.135527,18.785851],[83.20434,18.752857],[83.41231,18.873835],[83.3175,18.974192],[83.348084,19.018184],[83.459714,18.95632],[83.481123,19.034681],[83.608046,19.096545],[83.663096,19.099295],[83.756377,18.910953],[83.747202,18.993439],[83.793077,19.018184],[83.890945,18.816095],[84.036218,18.81747],[84.08974,18.758356],[84.224308,18.799598],[84.319118,18.7886],[84.435336,18.924701],[84.423103,18.949447],[84.514854,19.049804],[84.591313,19.023683],[84.623426,19.085547],[84.701415,19.118541],[84.765641,19.077299],[84.811516,19.157034],[84.981256,19.316506],[85.079124,19.37562],[85.172405,19.467729],[85.352849,19.588707],[85.678566,19.745429],[85.885006,19.812792],[86.227544,19.900777],[86.369759,19.981887],[86.533382,20.181227],[86.680184,20.263712],[86.776523,20.335199],[86.736764,20.461676],[86.788756,20.534538],[87.056364,20.714631],[87.022722,20.770996],[86.860628,20.77512],[86.805577,20.735253],[86.865216,20.783369],[86.967671,20.791617],[86.976846,20.860355],[86.852982,21.094063],[86.859099,21.213667],[86.949321,21.358016],[87.148115,21.509239],[87.219987,21.53536],[87.408077,21.544983],[87.484537,21.615095],[87.441719,21.767693],[87.282684,21.803437],[87.249042,21.854303],[87.242925,21.964283],[87.108357,21.924415],[87.100711,21.863926],[87.001313,21.913417],[87.028839,22.03852],[86.964613,22.085261],[86.83769,22.097634],[86.727589,22.215863],[86.554791,22.298348],[86.496681,22.346465],[86.429397,22.31622],[86.359055,22.349214],[86.282595,22.448197],[86.118972,22.48669],[86.06698,22.556802],[85.962995,22.485315],[86.018046,22.4262],[86.02875,22.334092],[85.973699,22.247482],[86.031808,22.189743],[86.008871,22.115506],[85.89724,21.98353],[85.78408,21.984904],[85.748909,22.074263],[85.683154,22.057766]]]]},"properties":{"name":"Odisha"}},
{"type":"Feature","geometry":{"type":"MultiPolygon","coordinates":[[[[83.756377,18.910953],[83.663096,19.099295],[83.608046,19.096545],[83.481123,19.034681],[83.459714,18.95632],[83.348084,19.018184],[83.3175,18.974192],[83.41231,18.873835],[83.20434,18.752857],[83.135527,18.785851],[82.999429,18.608507],[83.043775,18.545269],[83.019308,18.457285],[83.077418,18.403669],[82.968845,18.361052],[82.893915,18.381673],[82.806751,18.451785],[82.773109,18.341805],[82.586548,18.277192],[82.606428,18.366551],[82.485622,18.528772],[82.427513,18.486154],[82.361758,18.421541],[82.383166,18.367925],[82.314353,18.185083],[82.351053,18.17271],[82.31894,18.044858],[82.250127,17.992618],[82.167551,18.053107],[82.031453,18.069604],[81.979461,18.013239],[81.809721,17.956874],[81.71644,17.875763],[81.617043,17.823523],[81.39684,17.818024],[81.26533,17.81115],[81.165933,17.857892],[81.084886,17.797402],[81.05889,17.732789],[80.973255,17.779531],[80.886091,17.735538],[80.910558,17.637931],[81.02066,17.519702],[81.309676,17.409722],[81.274505,17.317613],[81.1904,17.324487],[81.173579,17.231004],[80.994664,17.191136],[80.941142,17.218631],[80.879975,17.160891],[80.876916,17.070157],[80.844803,17.039913],[80.69953,17.083905],[80.580254,17.152643],[80.505324,17.068783],[80.363109,16.976674],[80.534378,16.961552],[80.601662,16.918934],[80.563433,16.832325],[80.56955,16.767711],[80.321821,16.879066],[80.306529,16.973925],[80.187253,17.020666],[80.055742,16.971175],[80.038921,16.91756],[80.072563,16.817203],[80.055742,16.744341],[79.948699,16.635735],[79.876827,16.697599],[79.792722,16.725094],[79.679562,16.693475],[79.541935,16.632985],[79.447126,16.619238],[79.418071,16.580745],[79.257506,16.565622],[79.219277,16.512007],[79.210102,16.35666],[79.214689,16.226058],[79.158109,16.209561],[79.029657,16.24118],[78.904264,16.183441],[78.922614,16.122952],[78.740641,16.008847],[78.601485,16.084458],[78.551022,16.043216],[78.410336,16.074835],[78.255888,16.008847],[78.248242,15.971729],[78.174841,15.857624],[78.08309,15.841127],[77.887354,15.90574],[77.803249,15.874121],[77.659505,15.885119],[77.514232,15.927736],[77.248154,15.964855],[77.072297,15.909865],[77.026421,15.837003],[77.083001,15.659659],[77.031009,15.634914],[77.032538,15.435574],[77.063122,15.328344],[77.151815,15.2926],[77.125819,15.226612],[77.156402,15.140002],[77.113585,15.034146],[76.985133,15.0149],[76.800102,15.09601],[76.760343,14.988779],[76.867386,14.969533],[76.836802,14.790815],[76.775635,14.680834],[76.76493,14.602473],[76.806218,14.530986],[76.901028,14.489743],[76.884207,14.348144],[77.005013,14.235414],[77.116643,14.22579],[77.138052,14.337146],[77.364372,14.275282],[77.408718,14.337146],[77.479061,14.291779],[77.503528,14.157053],[77.393426,14.174925],[77.390368,14.016828],[77.434715,13.94809],[77.398014,13.906847],[77.321555,14.030575],[77.173223,14.012704],[77.027951,14.062195],[77.003484,14.198295],[76.894911,14.168051],[76.948433,14.095189],[76.931612,14.030575],[77.041713,13.932968],[76.977487,13.827112],[77.064651,13.743252],[77.157932,13.80649],[77.180869,13.869729],[77.326142,13.833985],[77.433185,13.843609],[77.469886,13.758374],[77.456123,13.682763],[77.621275,13.767997],[77.78184,13.818863],[77.813953,13.915096],[77.96993,13.959088],[78.000514,13.872479],[78.115203,13.862855],[78.125907,13.787244],[78.12132,13.715757],[78.203896,13.629147],[78.19625,13.568658],[78.326231,13.594778],[78.401161,13.587904],[78.373636,13.509543],[78.364461,13.362445],[78.443978,13.308829],[78.586193,13.275835],[78.514321,13.061374],[78.466916,12.974764],[78.355286,12.940395],[78.312468,12.859285],[78.25283,12.860659],[78.231421,12.760302],[78.301764,12.665444],[78.411866,12.626951],[78.59231,12.782298],[78.603014,12.844162],[78.621364,12.991261],[78.751345,13.0545],[78.892031,13.095742],[78.994486,13.086119],[79.162697,13.020131],[79.234569,13.105366],[79.228452,13.157606],[79.283503,13.123237],[79.437951,13.187851],[79.405838,13.33495],[79.537348,13.339074],[79.534289,13.275835],[79.682621,13.296457],[79.7025,13.22222],[79.794251,13.240092],[79.809543,13.317078],[79.945641,13.363819],[80.037392,13.538413],[80.07868,13.488922],[80.214778,13.490297],[80.2683,13.564534],[80.233128,13.656642],[80.254537,13.78312],[80.145965,14.041573],[80.130673,14.22854],[80.168902,14.350893],[80.196428,14.585976],[80.109264,14.738574],[80.040451,15.0094],[80.123027,15.368211],[80.205603,15.474067],[80.251478,15.633539],[80.315704,15.722898],[80.41816,15.79851],[80.535907,15.852125],[80.679651,15.885119],[80.774461,15.867247],[80.831041,15.706401],[80.938084,15.716024],[81.008426,15.754517],[81.014543,15.85075],[81.147583,15.974478],[81.213338,16.208186],[81.26533,16.278299],[81.392253,16.342912],[81.552817,16.347037],[81.714911,16.311293],[81.84948,16.373157],[81.956523,16.396528],[82.233306,16.542252],[82.314353,16.558749],[82.317411,16.661855],[82.361758,16.855696],[82.248598,16.876317],[82.248598,16.935431],[82.31894,17.057785],[82.542202,17.248875],[82.702766,17.343733],[82.991783,17.47296],[83.020838,17.507329],[83.161523,17.55957],[83.346555,17.725915],[83.419956,17.856517],[83.519353,17.95],[83.663096,18.079227],[83.935292,18.208454],[84.12797,18.312935],[84.147849,18.373424],[84.354289,18.554892],[84.493445,18.740484],[84.551555,18.789975],[84.603547,18.890332],[84.764112,19.074549],[84.701415,19.118541],[84.623426,19.085547],[84.591313,19.023683],[84.514854,19.049804],[84.423103,18.949447],[84.435336,18.924701],[84.319118,18.7886],[84.224308,18.799598],[84.08974,18.758356],[84.036218,18.81747],[83.890945,18.816095],[83.793077,19.018184],[83.747202,18.993439],[83.756377,18.910953]]],[[[80.2683,13.564534],[80.233128,13.656642],[80.254537,13.78312],[80.145965,14.041573],[80.130673,14.22854],[80.168902,14.350893],[80.196428,14.585976],[80.109264,14.738574],[80.040451,15.0094],[80.123027,15.368211],[80.205603,15.474067],[80.251478,15.633539],[80.315704,15.722898],[80.41816,15.79851],[80.535907,15.852125],[80.679651,15.885119],[80.774461,15.867247],[80.831041,15.706401],[80.938084,15.716024],[81.008426,15.754517],[81.014543,15.85075],[81.147583,15.974478],[81.213338,16.208186],[81.26533,16.278299],[81.392253,16.342912],[81.552817,16.347037],[81.714911,16.311293],[81.84948,16.373157],[81.956523,16.396528],[82.233306,16.542252],[82.314353,16.558749],[82.317411,16.661855],[82.361758,16.855696],[82.248598,16.876317],[82.248598,16.935431],[82.31894,17.057785],[82.542202,17.248875],[82.702766,17.343733],[82.991783,17.47296],[83.020838,17.507329],[83.161523,17.55957],[83.346555,17.725915],[83.419956,17.856517],[83.519353,17.95],[83.663096,18.079227],[83.935292,18.208454],[84.12797,18.312935],[84.147849,18.373424],[84.354289,18.554892],[84.493445,18.740484],[84.551555,18.789975],[84.603547,18.890332],[84.764112,19.074549],[84.701415,19.118541],[84.623426,19.085547],[84.591313,19.023683],[84.514854,19.049804],[84.423103,18.949447],[84.435336,18.924701],[84.319118,18.7886],[84.224308,18.799598],[84.08974,18.758356],[84.036218,18.81747],[83.890945,18.816095],[83.793077,19.018184],[83.747202,18.993439],[83.756377,18.910953],[83.663096,19.099295],[83.608046,19.096545],[83.481123,19.034681],[83.459714,18.95632],[83.348084,19.018184],[83.3175,18.974192],[83.41231,18.873835],[83.20434,18.752857],[83.135527,18.785851],[82.999429,18.608507],[83.043775,18.545269],[83.019308,18.457285],[83.077418,18.403669],[82.968845,18.361052],[82.893915,18.381673],[82.806751,18.451785],[82.773109,18.341805],[82.586548,18.277192],[82.606428,18.366551],[82.485622,18.528772],[82.427513,18.486154],[82.361758,18.421541],[82.383166,18.367925],[82.314353,18.185083],[82.351053,18.17271],[82.31894,18.044858],[82.250127,17.992618],[82.167551,18.053107],[82.031453,18.069604],[81.979461,18.013239],[81.809721,17.956874],[81.71644,17.875763],[81.617043,17.823523],[81.39684,17.818024],[81.26533,17.81115],[81.165933,17.857892],[81.084886,17.797402],[81.05889,17.732789],[80.973255,17.779531],[80.886091,17.735538],[80.910558,17.637931],[81.02066,17.519702],[81.309676,17.409722],[81.274505,17.317613],[81.1904,17.324487],[81.173579,17.231004],[80.994664,17.191136],[80.941142,17.218631],[80.879975,17.160891],[80.876916,17.070157],[80.844803,17.039913],[80.69953,17.083905],[80.580254,17.152643],[80.505324,17.068783],[80.363109,16.976674],[80.534378,16.961552],[80.601662,16.918934],[80.563433,16.832325],[80.56955,16.767711],[80.321821,16.879066],[80.306529,16.973925],[80.187253,17.020666],[80.055742,16.971175],[80.038921,16.91756],[80.072563,16.817203],[80.055742,16.744341],[79.948699,16.635735],[79.876827,16.697599],[79.792722,16.725094],[79.679562,16.693475],[79.541935,16.632985],[79.447126,16.619238],[79.418071,16.580745],[79.257506,16.565622],[79.219277,16.512007],[79.210102,16.35666],[79.214689,16.226058],[79.158109,16.209561],[79.029657,16.24118],[78.904264,16.183441],[78.922614,16.122952],[78.740641,16.008847],[78.601485,16.084458],[78.551022,16.043216],[78.410336,16.074835],[78.255888,16.008847],[78.248242,15.971729],[78.174841,15.857624],[78.08309,15.841127],[77.887354,15.90574],[77.803249,15.874121],[77.659505,15.885119],[77.514232,15.927736],[77.248154,15.964855],[77.072297,15.909865],[77.026421,15.837003],[77.083001,15.659659],[77.031009,15.634914],[77.032538,15.435574],[77.063122,15.328344],[77.151815,15.2926],[77.125819,15.226612],[77.156402,15.140002],[77.113585,15.034146],[76.985133,15.0149],[76.800102,15.09601],[76.760343,14.988779],[76.867386,14.969533],[76.836802,14.790815],[76.775635,14.680834],[76.76493,14.602473],[76.806218,14.530986],[76.901028,14.489743],[76.884207,14.348144],[77.005013,14.235414],[77.116643,14.22579],[77.138052,14.337146],[77.364372,14.275282],[77.408718,14.337146],[77.479061,14.291779],[77.503528,14.157053],[77.393426,14.174925],[77.390368,14.016828],[77.434715,13.94809],[77.398014,13.906847],[77.321555,14.030575],[77.173223,14.012704],[77.027951,14.062195],[77.003484,14.198295],[76.894911,14.168051],[76.948433,14.095189],[76.931612,14.030575],[77.041713,13.932968],[76.977487,13.827112],[77.064651,13.743252],[77.157932,13.80649],[77.180869,13.869729],[77.326142,13.833985],[77.433185,13.843609],[77.469886,13.758374],[77.456123,13.682763],[77.621275,13.767997],[77.78184,13.818863],[77.813953,13.915096],[77.96993,13.959088],[78.000514,13.872479],[78.115203,13.862855],[78.125907,13.787244],[78.12132,13.715757],[78.203896,13.629147],[78.19625,13.568658],[78.326231,13.594778],[78.401161,13.587904],[78.373636,13.509543],[78.364461,13.362445],[78.443978,13.308829],[78.586193,13.275835],[78.514321,13.061374],[78.466916,12.974764],[78.355286,12.940395],[78.312468,12.859285],[78.25283,12.860659],[78.231421,12.760302],[78.301764,12.665444],[78.411866,12.626951],[78.59231,12.782298],[78.603014,12.844162],[78.621364,12.991261],[78.751345,13.0545],[78.892031,13.095742],[78.994486,13.086119],[79.162697,13.020131],[79.234569,13.105366],[79.228452,13.157606],[79.283503,13.123237],[79.437951,13.187851],[79.405838,13.33495],[79.537348,13.339074],[79.534289,13.275835],[79.682621,13.296457],[79.7025,13.22222],[79.794251,13.240092],[79.809543,13.317078],[79.945641,13.363819],[80.037392,13.538413],[80.07868,13.488922],[80.214778,13.490297],[80.2683,13.564534]],[[82.185901,16.737467],[82.270006,16.722344],[82.266948,16.694849],[82.239423,16.716845],[82.199664,16.72097],[82.185901,16.737467]],[[82.185901,16.737467],[82.270006,16.722344],[82.266948,16.694849],[82.239423,16.716845],[82.199664,16.72097],[82.185901,16.737467]]]]},"properties":{"name":"Andhra Pradesh"}},
{"type":"Feature","geometry":{"type":"MultiPolygon","coordinates":[[[[77.264975,18.422916],[77.246624,18.370675],[77.064651,18.150714],[76.951491,18.187833],[76.920907,18.11772],[76.95302,18.040734],[76.905616,18.009115],[76.919378,17.915631],[76.775635,17.877138],[76.740463,17.899134],[76.790926,17.826272],[76.714467,17.780905],[76.685413,17.681923],[76.656358,17.717667],[76.523319,17.760284],[76.489676,17.659927],[76.428509,17.64343],[76.33217,17.596688],[76.330641,17.470211],[76.371929,17.435842],[76.382633,17.314864],[76.229715,17.36573],[76.075267,17.33686],[75.931523,17.323112],[75.894822,17.401473],[75.813775,17.372603],[75.633331,17.477085],[75.573693,17.383601],[75.604277,17.30524],[75.65474,17.273621],[75.625685,17.173264],[75.67309,17.115524],[75.665444,16.979424],[75.529347,16.9698],[75.465121,16.989047],[75.341256,16.956053],[75.280089,16.956053],[75.264797,16.862569],[75.182221,16.843323],[75.08894,16.951928],[74.90238,16.862569],[74.919201,16.77321],[74.850387,16.77321],[74.695939,16.715471],[74.630184,16.583494],[74.570546,16.554624],[74.54455,16.635735],[74.315171,16.554624],[74.331993,16.454267],[74.316701,16.326415],[74.373281,16.261802],[74.480324,16.249429],[74.480324,16.147697],[74.371751,16.078959],[74.463503,16.039092],[74.387043,15.904366],[74.345755,15.764141],[74.238712,15.744894],[74.209657,15.780638],[74.122494,15.720149],[74.117906,15.651411],[74.237183,15.667908],[74.278471,15.522184],[74.250946,15.491939],[74.275413,15.391582],[74.322817,15.368211],[74.325876,15.282977],[74.260121,15.241734],[74.316701,15.186744],[74.272354,15.097385],[74.296821,15.04102],[74.202012,14.92554],[74.085793,14.900795],[74.117906,14.785316],[74.263179,14.719327],[74.269296,14.627219],[74.35493,14.50899],[74.394689,14.418256],[74.442094,14.224416],[74.469619,14.188672],[74.515495,13.986583],[74.582779,13.926094],[74.669943,13.634646],[74.717348,13.314328],[74.776986,13.070997],[74.822862,12.846912],[74.868737,12.758928],[74.981897,12.738306],[75.111878,12.680567],[75.280089,12.523845],[75.416187,12.499099],[75.365723,12.412489],[75.422303,12.372622],[75.414657,12.290136],[75.485,12.290136],[75.576751,12.156785],[75.63639,12.148537],[75.793896,12.056428],[75.870355,11.951947],[75.936111,11.940949],[76.003395,11.931325],[76.113496,11.979442],[76.113496,11.858463],[76.206777,11.861213],[76.318407,11.751233],[76.413217,11.758106],[76.417805,11.671497],[76.511085,11.704491],[76.560019,11.622006],[76.757284,11.617881],[76.847506,11.594511],[76.835273,11.655],[76.908674,11.795225],[77.012659,11.814471],[77.110527,11.773229],[77.2925,11.808972],[77.428598,11.76773],[77.494353,11.943698],[77.676326,11.951947],[77.708439,12.035807],[77.775723,12.112793],[77.746669,12.15541],[77.610571,12.206276],[77.505057,12.198028],[77.471415,12.243395],[77.550933,12.291511],[77.615159,12.367123],[77.635038,12.488101],[77.587633,12.514221],[77.601396,12.668194],[77.739023,12.672318],[77.792544,12.749304],[77.830774,12.866158],[77.865946,12.870283],[77.928642,12.890904],[77.979105,12.835914],[78.057094,12.852411],[78.133553,12.782298],[78.231421,12.760302],[78.25283,12.860659],[78.312468,12.859285],[78.355286,12.940395],[78.466916,12.974764],[78.514321,13.061374],[78.586193,13.275835],[78.443978,13.308829],[78.364461,13.362445],[78.373636,13.509543],[78.401161,13.587904],[78.326231,13.594778],[78.19625,13.568658],[78.203896,13.629147],[78.12132,13.715757],[78.125907,13.787244],[78.115203,13.862855],[78.000514,13.872479],[77.96993,13.959088],[77.813953,13.915096],[77.78184,13.818863],[77.621275,13.767997],[77.456123,13.682763],[77.469886,13.758374],[77.433185,13.843609],[77.326142,13.833985],[77.180869,13.869729],[77.157932,13.80649],[77.064651,13.743252],[76.977487,13.827112],[77.041713,13.932968],[76.931612,14.030575],[76.948433,14.095189],[76.894911,14.168051],[77.003484,14.198295],[77.027951,14.062195],[77.173223,14.012704],[77.321555,14.030575],[77.398014,13.906847],[77.434715,13.94809],[77.390368,14.016828],[77.393426,14.174925],[77.503528,14.157053],[77.479061,14.291779],[77.408718,14.337146],[77.364372,14.275282],[77.138052,14.337146],[77.116643,14.22579],[77.005013,14.235414],[76.884207,14.348144],[76.901028,14.489743],[76.806218,14.530986],[76.76493,14.602473],[76.775635,14.680834],[76.836802,14.790815],[76.867386,14.969533],[76.760343,14.988779],[76.800102,15.09601],[76.985133,15.0149],[77.113585,15.034146],[77.156402,15.140002],[77.125819,15.226612],[77.151815,15.2926],[77.063122,15.328344],[77.032538,15.435574],[77.031009,15.634914],[77.083001,15.659659],[77.026421,15.837003],[77.072297,15.909865],[77.248154,15.964855],[77.514232,15.927736],[77.50047,16.221934],[77.59375,16.342912],[77.489765,16.38553],[77.414835,16.367658],[77.287913,16.4089],[77.242037,16.473514],[77.416364,16.517506],[77.453065,16.616488],[77.425539,16.72097],[77.476003,16.788333],[77.459182,16.884565],[77.466827,16.954678],[77.497411,17.042662],[77.463769,17.110025],[77.364372,17.158142],[77.379664,17.222755],[77.483649,17.354731],[77.512703,17.430343],[77.685501,17.511453],[77.494353,17.566444],[77.466827,17.577442],[77.44389,17.584315],[77.453065,17.694296],[77.53717,17.779531],[77.586104,17.907383],[77.656447,17.969247],[77.547874,18.055856],[77.598338,18.092975],[77.563166,18.196081],[77.601396,18.275817],[77.550933,18.292314],[77.465298,18.262069],[77.408718,18.301937],[77.413306,18.392671],[77.316967,18.442162],[77.264975,18.422916]]],[[[77.287913,16.4089],[77.242037,16.473514],[77.416364,16.517506],[77.453065,16.616488],[77.425539,16.72097],[77.476003,16.788333],[77.459182,16.884565],[77.466827,16.954678],[77.497411,17.042662],[77.463769,17.110025],[77.364372,17.158142],[77.379664,17.222755],[77.483649,17.354731],[77.512703,17.430343],[77.685501,17.511453],[77.494353,17.566444],[77.466827,17.577442],[77.44389,17.584315],[77.453065,17.694296],[77.53717,17.779531],[77.586104,17.907383],[77.656447,17.969247],[77.547874,18.055856],[77.598338,18.092975],[77.563166,18.196081],[77.601396,18.275817],[77.550933,18.292314],[77.465298,18.262069],[77.408718,18.301937],[77.413306,18.392671],[77.316967,18.442162],[77.264975,18.422916],[77.246624,18.370675],[77.064651,18.150714],[76.951491,18.187833],[76.920907,18.11772],[76.95302,18.040734],[76.905616,18.009115],[76.919378,17.915631],[76.775635,17.877138],[76.740463,17.899134],[76.790926,17.826272],[76.714467,17.780905],[76.685413,17.681923],[76.656358,17.717667],[76.523319,17.760284],[76.489676,17.659927],[76.428509,17.64343],[76.33217,17.596688],[76.330641,17.470211],[76.371929,17.435842],[76.382633,17.314864],[76.229715,17.36573],[76.075267,17.33686],[75.931523,17.323112],[75.894822,17.401473],[75.813775,17.372603],[75.633331,17.477085],[75.573693,17.383601],[75.604277,17.30524],[75.65474,17.273621],[75.625685,17.173264],[75.67309,17.115524],[75.665444,16.979424],[75.529347,16.9698],[75.465121,16.989047],[75.341256,16.956053],[75.280089,16.956053],[75.264797,16.862569],[75.182221,16.843323],[75.08894,16.951928],[74.90238,16.862569],[74.919201,16.77321],[74.850387,16.77321],[74.695939,16.715471],[74.630184,16.583494],[74.570546,16.554624],[74.54455,16.635735],[74.315171,16.554624],[74.331993,16.454267],[74.316701,16.326415],[74.373281,16.261802],[74.480324,16.249429],[74.480324,16.147697],[74.371751,16.078959],[74.463503,16.039092],[74.387043,15.904366],[74.345755,15.764141],[74.238712,15.744894],[74.209657,15.780638],[74.122494,15.720149],[74.117906,15.651411],[74.237183,15.667908],[74.278471,15.522184],[74.250946,15.491939],[74.275413,15.391582],[74.322817,15.368211],[74.325876,15.282977],[74.260121,15.241734],[74.316701,15.186744],[74.272354,15.097385],[74.296821,15.04102],[74.202012,14.92554],[74.085793,14.900795],[74.117906,14.785316],[74.263179,14.719327],[74.269296,14.627219],[74.35493,14.50899],[74.394689,14.418256],[74.442094,14.224416],[74.469619,14.188672],[74.515495,13.986583],[74.582779,13.926094],[74.669943,13.634646],[74.717348,13.314328],[74.776986,13.070997],[74.822862,12.846912],[74.868737,12.758928],[74.981897,12.738306],[75.111878,12.680567],[75.280089,12.523845],[75.416187,12.499099],[75.365723,12.412489],[75.422303,12.372622],[75.414657,12.290136],[75.485,12.290136],[75.576751,12.156785],[75.63639,12.148537],[75.793896,12.056428],[75.870355,11.951947],[75.936111,11.940949],[76.003395,11.931325],[76.113496,11.979442],[76.113496,11.858463],[76.206777,11.861213],[76.318407,11.751233],[76.413217,11.758106],[76.417805,11.671497],[76.511085,11.704491],[76.560019,11.622006],[76.757284,11.617881],[76.847506,11.594511],[76.835273,11.655],[76.908674,11.795225],[77.012659,11.814471],[77.110527,11.773229],[77.2925,11.808972],[77.428598,11.76773],[77.494353,11.943698],[77.676326,11.951947],[77.708439,12.035807],[77.775723,12.112793],[77.746669,12.15541],[77.610571,12.206276],[77.505057,12.198028],[77.471415,12.243395],[77.550933,12.291511],[77.615159,12.367123],[77.635038,12.488101],[77.587633,12.514221],[77.601396,12.668194],[77.739023,12.672318],[77.792544,12.749304],[77.830774,12.866158],[77.865946,12.870283],[77.928642,12.890904],[77.979105,12.835914],[78.057094,12.852411],[78.133553,12.782298],[78.231421,12.760302],[78.25283,12.860659],[78.312468,12.859285],[78.355286,12.940395],[78.466916,12.974764],[78.514321,13.061374],[78.586193,13.275835],[78.443978,13.308829],[78.364461,13.362445],[78.373636,13.509543],[78.401161,13.587904],[78.326231,13.594778],[78.19625,13.568658],[78.203896,13.629147],[78.12132,13.715757],[78.125907,13.787244],[78.115203,13.862855],[78.000514,13.872479],[77.96993,13.959088],[77.813953,13.915096],[77.78184,13.818863],[77.621275,13.767997],[77.456123,13.682763],[77.469886,13.758374],[77.433185,13.843609],[77.326142,13.833985],[77.180869,13.869729],[77.157932,13.80649],[77.064651,13.743252],[76.977487,13.827112],[77.041713,13.932968],[76.931612,14.030575],[76.948433,14.095189],[76.894911,14.168051],[77.003484,14.198295],[77.027951,14.062195],[77.173223,14.012704],[77.321555,14.030575],[77.398014,13.906847],[77.434715,13.94809],[77.390368,14.016828],[77.393426,14.174925],[77.503528,14.157053],[77.479061,14.291779],[77.408718,14.337146],[77.364372,14.275282],[77.138052,14.337146],[77.116643,14.22579],[77.005013,14.235414],[76.884207,14.348144],[76.901028,14.489743],[76.806218,14.530986],[76.76493,14.602473],[76.775635,14.680834],[76.836802,14.790815],[76.867386,14.969533],[76.760343,14.988779],[76.800102,15.09601],[76.985133,15.0149],[77.113585,15.034146],[77.156402,15.140002],[77.125819,15.226612],[77.151815,15.2926],[77.063122,15.328344],[77.032538,15.435574],[77.031009,15.634914],[77.083001,15.659659],[77.026421,15.837003],[77.072297,15.909865],[77.248154,15.964855],[77.514232,15.927736],[77.50047,16.221934],[77.59375,16.342912],[77.489765,16.38553],[77.414835,16.367658],[77.287913,16.4089]]]]},"properties":{"name":"Karnataka"}},
{"type":"Feature","geometry":{"type":"MultiPolygon","coordinates":[[[[74.117906,15.651411],[73.990984,15.611543],[73.938991,15.742145],[73.874765,15.750393],[73.685146,15.728397],[73.766193,15.494689],[73.934404,15.432825],[73.88394,15.354464],[73.981809,15.054767],[74.085793,14.900795],[74.202012,14.92554],[74.296821,15.04102],[74.272354,15.097385],[74.316701,15.186744],[74.260121,15.241734],[74.325876,15.282977],[74.322817,15.368211],[74.275413,15.391582],[74.250946,15.491939],[74.278471,15.522184],[74.237183,15.667908],[74.117906,15.651411]]],[[[73.934404,15.432825],[73.88394,15.354464],[73.981809,15.054767],[74.085793,14.900795],[74.202012,14.92554],[74.296821,15.04102],[74.272354,15.097385],[74.316701,15.186744],[74.260121,15.241734],[74.325876,15.282977],[74.322817,15.368211],[74.275413,15.391582],[74.250946,15.491939],[74.278471,15.522184],[74.237183,15.667908],[74.117906,15.651411],[73.990984,15.611543],[73.938991,15.742145],[73.874765,15.750393],[73.685146,15.728397],[73.766193,15.494689],[73.934404,15.432825]]]]},"properties":{"name":"Goa"}},
{"type":"Feature","geometry":{"type":"MultiPolygon","coordinates":[[[[74.868737,12.758928],[75.015539,12.417988],[75.041536,12.389119],[75.1654,12.089422],[75.200571,12.006937],[75.251034,12.008312],[75.356548,11.859838],[75.385603,11.857089],[75.532405,11.705866],[75.536993,11.705866],[75.553814,11.701741],[75.618039,11.477656],[75.697557,11.425416],[75.826009,11.12297],[75.910114,10.793029],[75.957519,10.685798],[76.101263,10.381977],[76.16243,10.184013],[76.214423,10.193636],[76.167018,10.181263],[76.280178,9.789458],[76.319937,9.482888],[76.348991,9.386655],[76.478972,9.122702],[76.547786,8.902741],[76.682354,8.776264],[76.699175,8.739146],[76.959137,8.421577],[77.098293,8.292351],[77.261916,8.506812],[77.269562,8.578299],[77.170165,8.741895],[77.19922,8.770765],[77.2558,8.879371],[77.193103,8.926112],[77.148756,9.009972],[77.203807,9.070462],[77.268033,9.152947],[77.281796,9.298671],[77.339905,9.419649],[77.402602,9.525505],[77.318496,9.602491],[77.269562,9.572247],[77.167107,9.612115],[77.246624,9.799081],[77.212982,9.877442],[77.263446,10.028665],[77.268033,10.122149],[77.287913,10.232129],[77.180869,10.357232],[77.090647,10.314614],[77.050888,10.262374],[76.982075,10.219756],[76.899499,10.25275],[76.89797,10.254125],[76.891853,10.259624],[76.833744,10.33936],[76.815393,10.42322],[76.838331,10.596439],[76.907145,10.782031],[76.830685,10.870015],[76.656358,10.938753],[76.754226,11.078978],[76.694588,11.166962],[76.706821,11.239824],[76.628833,11.194457],[76.442272,11.201331],[76.521789,11.270069],[76.547786,11.359428],[76.460622,11.388297],[76.234302,11.527148],[76.378046,11.601384],[76.417805,11.671497],[76.413217,11.758106],[76.318407,11.751233],[76.206777,11.861213],[76.113496,11.858463],[76.113496,11.979442],[76.003395,11.931325],[75.936111,11.940949],[75.870355,11.951947],[75.793896,12.056428],[75.63639,12.148537],[75.576751,12.156785],[75.485,12.290136],[75.414657,12.290136],[75.422303,12.372622],[75.365723,12.412489],[75.416187,12.499099],[75.280089,12.523845],[75.111878,12.680567],[74.981897,12.738306],[74.868737,12.758928]]],[[[76.417805,11.671497],[76.413217,11.758106],[76.318407,11.751233],[76.206777,11.861213],[76.113496,11.858463],[76.113496,11.979442],[76.003395,11.931325],[75.936111,11.940949],[75.870355,11.951947],[75.793896,12.056428],[75.63639,12.148537],[75.576751,12.156785],[75.485,12.290136],[75.414657,12.290136],[75.422303,12.372622],[75.365723,12.412489],[75.416187,12.499099],[75.280089,12.523845],[75.111878,12.680567],[74.981897,12.738306],[74.868737,12.758928],[75.015539,12.417988],[75.041536,12.389119],[75.1654,12.089422],[75.200571,12.006937],[75.251034,12.008312],[75.356548,11.859838],[75.385603,11.857089],[75.532405,11.705866],[75.536993,11.705866],[75.553814,11.701741],[75.618039,11.477656],[75.697557,11.425416],[75.826009,11.12297],[75.910114,10.793029],[75.957519,10.685798],[76.101263,10.381977],[76.16243,10.184013],[76.214423,10.193636],[76.167018,10.181263],[76.280178,9.789458],[76.319937,9.482888],[76.348991,9.386655],[76.478972,9.122702],[76.547786,8.902741],[76.682354,8.776264],[76.699175,8.739146],[76.959137,8.421577],[77.098293,8.292351],[77.261916,8.506812],[77.269562,8.578299],[77.170165,8.741895],[77.19922,8.770765],[77.2558,8.879371],[77.193103,8.926112],[77.148756,9.009972],[77.203807,9.070462],[77.268033,9.152947],[77.281796,9.298671],[77.339905,9.419649],[77.402602,9.525505],[77.318496,9.602491],[77.269562,9.572247],[77.167107,9.612115],[77.246624,9.799081],[77.212982,9.877442],[77.263446,10.028665],[77.268033,10.122149],[77.287913,10.232129],[77.180869,10.357232],[77.090647,10.314614],[77.050888,10.262374],[76.982075,10.219756],[76.899499,10.25275],[76.89797,10.254125],[76.891853,10.259624],[76.833744,10.33936],[76.815393,10.42322],[76.838331,10.596439],[76.907145,10.782031],[76.830685,10.870015],[76.656358,10.938753],[76.754226,11.078978],[76.694588,11.166962],[76.706821,11.239824],[76.628833,11.194457],[76.442272,11.201331],[76.521789,11.270069],[76.547786,11.359428],[76.460622,11.388297],[76.234302,11.527148],[76.378046,11.601384],[76.417805,11.671497]],[[75.555343,11.722363],[75.536993,11.719613],[75.54158,11.73886],[75.555343,11.722363]],[[75.555343,11.722363],[75.536993,11.719613],[75.54158,11.73886],[75.555343,11.722363]]]]},"properties":{"name":"Kerala"}},
{"type":"Feature","geometry":{"type":"MultiPolygon","coordinates":[[[[78.841567,19.761926],[78.575489,19.818291],[78.431745,19.814167],[78.381282,19.880155],[78.306352,19.911775],[78.364461,19.781173],[78.343052,19.71381],[78.275768,19.691814],[78.306352,19.606579],[78.30941,19.481477],[78.211542,19.427861],[78.193192,19.316506],[78.174841,19.238145],[78.041802,19.271139],[77.943934,19.342626],[77.862887,19.304133],[77.859829,19.180405],[77.797132,19.073174],[77.843008,18.908204],[77.948522,18.84359],[77.839949,18.805097],[77.787957,18.682744],[77.729848,18.666247],[77.739023,18.556267],[77.596808,18.549393],[77.584575,18.446286],[77.524937,18.37205],[77.550933,18.292314],[77.601396,18.275817],[77.563166,18.196081],[77.598338,18.092975],[77.547874,18.055856],[77.656447,17.969247],[77.586104,17.907383],[77.53717,17.779531],[77.453065,17.694296],[77.44389,17.584315],[77.466827,17.577442],[77.494353,17.566444],[77.685501,17.511453],[77.512703,17.430343],[77.483649,17.354731],[77.379664,17.222755],[77.364372,17.158142],[77.463769,17.110025],[77.497411,17.042662],[77.466827,16.954678],[77.459182,16.884565],[77.476003,16.788333],[77.425539,16.72097],[77.453065,16.616488],[77.416364,16.517506],[77.242037,16.473514],[77.287913,16.4089],[77.414835,16.367658],[77.489765,16.38553],[77.59375,16.342912],[77.50047,16.221934],[77.514232,15.927736],[77.659505,15.885119],[77.803249,15.874121],[77.887354,15.90574],[78.08309,15.841127],[78.174841,15.857624],[78.248242,15.971729],[78.255888,16.008847],[78.410336,16.074835],[78.551022,16.043216],[78.601485,16.084458],[78.740641,16.008847],[78.922614,16.122952],[78.904264,16.183441],[79.029657,16.24118],[79.158109,16.209561],[79.214689,16.226058],[79.210102,16.35666],[79.219277,16.512007],[79.257506,16.565622],[79.418071,16.580745],[79.447126,16.619238],[79.541935,16.632985],[79.679562,16.693475],[79.792722,16.725094],[79.876827,16.697599],[79.948699,16.635735],[80.055742,16.744341],[80.072563,16.817203],[80.038921,16.91756],[80.055742,16.971175],[80.187253,17.020666],[80.306529,16.973925],[80.321821,16.879066],[80.56955,16.767711],[80.563433,16.832325],[80.601662,16.918934],[80.534378,16.961552],[80.363109,16.976674],[80.505324,17.068783],[80.580254,17.152643],[80.69953,17.083905],[80.844803,17.039913],[80.876916,17.070157],[80.879975,17.160891],[80.941142,17.218631],[80.994664,17.191136],[81.173579,17.231004],[81.1904,17.324487],[81.274505,17.317613],[81.309676,17.409722],[81.02066,17.519702],[80.910558,17.637931],[80.886091,17.735538],[80.973255,17.779531],[81.05889,17.732789],[81.084886,17.797402],[81.016072,17.794653],[80.970197,18.047608],[80.979372,18.165837],[80.866212,18.139716],[80.852449,18.205704],[80.75611,18.169961],[80.748464,18.308811],[80.705647,18.439413],[80.636834,18.523273],[80.45486,18.630504],[80.372284,18.611257],[80.275945,18.719863],[80.118439,18.679995],[80.019042,18.770729],[79.913528,18.825719],[79.960933,18.865587],[79.939524,19.034681],[79.858477,19.102044],[79.92882,19.158409],[79.977754,19.398991],[79.944112,19.470478],[79.864594,19.510346],[79.806485,19.579084],[79.743788,19.609329],[79.471593,19.500723],[79.366079,19.576335],[79.252919,19.592832],[79.190222,19.45948],[79.096942,19.532342],[78.936377,19.550214],[78.956256,19.65607],[78.859918,19.689064],[78.841567,19.761926]]],[[[79.806485,19.579084],[79.743788,19.609329],[79.471593,19.500723],[79.366079,19.576335],[79.252919,19.592832],[79.190222,19.45948],[79.096942,19.532342],[78.936377,19.550214],[78.956256,19.65607],[78.859918,19.689064],[78.841567,19.761926],[78.575489,19.818291],[78.431745,19.814167],[78.381282,19.880155],[78.306352,19.911775],[78.364461,19.781173],[78.343052,19.71381],[78.275768,19.691814],[78.306352,19.606579],[78.30941,19.481477],[78.211542,19.427861],[78.193192,19.316506],[78.174841,19.238145],[78.041802,19.271139],[77.943934,19.342626],[77.862887,19.304133],[77.859829,19.180405],[77.797132,19.073174],[77.843008,18.908204],[77.948522,18.84359],[77.839949,18.805097],[77.787957,18.682744],[77.729848,18.666247],[77.739023,18.556267],[77.596808,18.549393],[77.584575,18.446286],[77.524937,18.37205],[77.550933,18.292314],[77.601396,18.275817],[77.563166,18.196081],[77.598338,18.092975],[77.547874,18.055856],[77.656447,17.969247],[77.586104,17.907383],[77.53717,17.779531],[77.453065,17.694296],[77.44389,17.584315],[77.466827,17.577442],[77.494353,17.566444],[77.685501,17.511453],[77.512703,17.430343],[77.483649,17.354731],[77.379664,17.222755],[77.364372,17.158142],[77.463769,17.110025],[77.497411,17.042662],[77.466827,16.954678],[77.459182,16.884565],[77.476003,16.788333],[77.425539,16.72097],[77.453065,16.616488],[77.416364,16.517506],[77.242037,16.473514],[77.287913,16.4089],[77.414835,16.367658],[77.489765,16.38553],[77.59375,16.342912],[77.50047,16.221934],[77.514232,15.927736],[77.659505,15.885119],[77.803249,15.874121],[77.887354,15.90574],[78.08309,15.841127],[78.174841,15.857624],[78.248242,15.971729],[78.255888,16.008847],[78.410336,16.074835],[78.551022,16.043216],[78.601485,16.084458],[78.740641,16.008847],[78.922614,16.122952],[78.904264,16.183441],[79.029657,16.24118],[79.158109,16.209561],[79.214689,16.226058],[79.210102,16.35666],[79.219277,16.512007],[79.257506,16.565622],[79.418071,16.580745],[79.447126,16.619238],[79.541935,16.632985],[79.679562,16.693475],[79.792722,16.725094],[79.876827,16.697599],[79.948699,16.635735],[80.055742,16.744341],[80.072563,16.817203],[80.038921,16.91756],[80.055742,16.971175],[80.187253,17.020666],[80.306529,16.973925],[80.321821,16.879066],[80.56955,16.767711],[80.563433,16.832325],[80.601662,16.918934],[80.534378,16.961552],[80.363109,16.976674],[80.505324,17.068783],[80.580254,17.152643],[80.69953,17.083905],[80.844803,17.039913],[80.876916,17.070157],[80.879975,17.160891],[80.941142,17.218631],[80.994664,17.191136],[81.173579,17.231004],[81.1904,17.324487],[81.274505,17.317613],[81.309676,17.409722],[81.02066,17.519702],[80.910558,17.637931],[80.886091,17.735538],[80.973255,17.779531],[81.05889,17.732789],[81.084886,17.797402],[81.016072,17.794653],[80.970197,18.047608],[80.979372,18.165837],[80.866212,18.139716],[80.852449,18.205704],[80.75611,18.169961],[80.748464,18.308811],[80.705647,18.439413],[80.636834,18.523273],[80.45486,18.630504],[80.372284,18.611257],[80.275945,18.719863],[80.118439,18.679995],[80.019042,18.770729],[79.913528,18.825719],[79.960933,18.865587],[79.939524,19.034681],[79.858477,19.102044],[79.92882,19.158409],[79.977754,19.398991],[79.944112,19.470478],[79.864594,19.510346],[79.806485,19.579084]]]]},"properties":{"name":"Telangana"}},
{"type":"Feature","geometry":{"type":"MultiPolygon","coordinates":[[[[88.125266,21.67421],[88.171142,21.737448],[88.166554,21.822683],[88.103858,21.84193],[88.031986,21.687957],[88.125266,21.67421]]],[[[89.015254,21.778691],[89.038192,21.610971],[89.093242,21.652214],[89.015254,21.778691]]],[[[89.055013,22.127879],[89.065717,22.207614],[88.995374,22.28735],[88.999962,22.42895],[88.926561,22.650285],[88.963261,22.692903],[88.912798,22.757516],[88.969378,22.844126],[88.857747,22.967854],[88.941853,23.205686],[88.810343,23.255177],[88.709416,23.231807],[88.762938,23.446268],[88.723179,23.512256],[88.593198,23.616738],[88.564143,23.712971],[88.606961,23.861444],[88.732354,23.910935],[88.743058,24.034663],[88.700241,24.096527],[88.746117,24.147393],[88.741529,24.254624],[88.68342,24.324736],[88.559556,24.308239],[88.38217,24.396223],[88.334765,24.442965],[88.132912,24.510328],[88.027398,24.690421],[88.068686,24.770157],[88.1742,24.86089],[88.140558,24.914506],[88.226193,24.959873],[88.278185,24.88976],[88.394403,24.969496],[88.452513,25.079476],[88.435692,25.200455],[88.733883,25.19908],[88.805755,25.17021],[88.90974,25.179833],[88.987728,25.273317],[88.839397,25.364051],[88.811872,25.523522],[88.646719,25.478155],[88.446396,25.595009],[88.454042,25.663747],[88.267481,25.781976],[88.143617,25.794349],[88.100799,25.830092],[88.093153,25.930449],[88.178788,26.149035],[88.351586,26.221897],[88.402049,26.330503],[88.515209,26.364872],[88.484626,26.461105],[88.333236,26.496848],[88.40052,26.643947],[88.4204,26.562836],[88.530501,26.478976],[88.70177,26.386868],[88.759879,26.329128],[88.926561,26.283761],[88.986199,26.349749],[88.90974,26.379994],[88.983141,26.447357],[89.096301,26.390992],[89.15441,26.139412],[89.22934,26.12429],[89.348617,26.010185],[89.541294,26.006061],[89.649867,26.063801],[89.608579,26.15316],[89.634575,26.228771],[89.729384,26.171031],[89.70033,26.217773],[89.781377,26.352499],[89.842544,26.382744],[89.834898,26.414363],[89.87007,26.613702],[89.851719,26.697562],[89.763027,26.698937],[89.636104,26.751178],[89.547411,26.813042],[89.454131,26.797919],[89.374613,26.854284],[89.255336,26.807543],[89.128414,26.806168],[89.090184,26.840537],[89.088655,26.888653],[88.920444,26.994509],[88.868452,26.965639],[88.865393,27.108614],[88.72165,27.138858],[88.597785,27.18835],[88.53203,27.175977],[88.424987,27.071496],[88.281244,27.131985],[88.154321,27.109989],[88.096212,27.133359],[88.038103,27.219969],[87.992227,27.108614],[88.120679,26.950517],[88.186434,26.771799],[88.160438,26.637073],[88.109975,26.547714],[88.239955,26.458355],[88.279714,26.330503],[88.146675,26.250767],[88.073274,26.175156],[87.975406,26.143536],[87.850013,26.039055],[87.853071,26.029432],[87.840837,25.996438],[87.846954,25.992313],[87.822487,25.935948],[87.827075,25.890582],[87.89283,25.865836],[87.96776,25.725611],[88.050336,25.700865],[88.021282,25.596384],[88.067157,25.483654],[87.960114,25.538644],[87.866834,25.497402],[87.767436,25.416291],[87.784258,25.34068],[87.846954,25.298062],[87.8179,25.241697],[87.762849,25.265068],[87.710857,25.258194],[87.778141,25.249946],[87.77967,25.14409],[87.794962,25.087725],[87.953997,24.97362],[87.960114,24.92138],[87.891301,24.855391],[87.839308,24.745411],[87.908122,24.72204],[87.889771,24.565318],[87.793433,24.58319],[87.801079,24.382476],[87.706269,24.260123],[87.638985,24.254624],[87.631339,24.16389],[87.44019,23.982422],[87.336206,24.034663],[87.23375,24.02504],[87.294917,23.901312],[87.23375,23.855945],[87.129765,23.853195],[87.085419,23.811953],[86.915679,23.882065],[86.80099,23.833949],[86.826986,23.765211],[86.80099,23.699223],[86.712297,23.699223],[86.485977,23.635984],[86.365171,23.531503],[86.31012,23.411899],[86.177081,23.469639],[86.158731,23.558998],[86.082272,23.565872],[86.039454,23.498509],[85.885006,23.483387],[85.85901,23.429771],[85.883477,23.350035],[85.819251,23.268925],[85.885006,23.167193],[86.044042,23.145197],[86.241307,22.996724],[86.501269,22.993974],[86.435514,22.926611],[86.418693,22.79051],[86.559378,22.713524],[86.641954,22.657159],[86.658775,22.576049],[86.765818,22.576049],[86.80099,22.488064],[86.764289,22.4262],[86.845336,22.40008],[86.833103,22.325843],[86.727589,22.215863],[86.83769,22.097634],[86.964613,22.085261],[87.028839,22.03852],[87.001313,21.913417],[87.100711,21.863926],[87.108357,21.924415],[87.242925,21.964283],[87.249042,21.854303],[87.282684,21.803437],[87.441719,21.767693],[87.484537,21.615095],[87.674156,21.650839],[87.788845,21.698955],[87.955527,21.830932],[88.064099,22.017898],[88.186434,22.104508],[88.135971,22.185618],[88.015165,22.202115],[87.998344,22.244733],[88.082449,22.26123],[88.183376,22.186993],[88.218547,22.103133],[88.207843,22.026147],[88.145146,21.95466],[88.21243,21.782815],[88.259835,21.555981],[88.302652,21.670086],[88.267481,21.727825],[88.359232,21.804811],[88.391345,21.89692],[88.444867,21.917541],[88.53203,21.852928],[88.632957,21.95466],[88.762938,22.015149],[88.762938,21.95466],[88.85316,21.92304],[88.932678,21.942287],[89.007608,21.902419],[89.068775,21.949161],[89.055013,22.127879]]],[[[88.7767,21.86805],[88.715533,21.905169],[88.691066,21.751196],[88.746117,21.661837],[88.808813,21.668711],[88.7767,21.86805]]],[[[88.943382,21.914792],[88.882214,21.913417],[88.821047,21.927165],[88.947969,21.769068],[88.943382,21.914792]]],[[[88.125266,21.67421],[88.171142,21.737448],[88.166554,21.822683],[88.103858,21.84193],[88.031986,21.687957],[88.125266,21.67421]]],[[[89.015254,21.778691],[89.038192,21.610971],[89.093242,21.652214],[89.015254,21.778691]]],[[[87.998344,22.244733],[88.082449,22.26123],[88.183376,22.186993],[88.218547,22.103133],[88.207843,22.026147],[88.145146,21.95466],[88.21243,21.782815],[88.259835,21.555981],[88.302652,21.670086],[88.267481,21.727825],[88.359232,21.804811],[88.391345,21.89692],[88.444867,21.917541],[88.53203,21.852928],[88.632957,21.95466],[88.762938,22.015149],[88.762938,21.95466],[88.85316,21.92304],[88.932678,21.942287],[89.007608,21.902419],[89.068775,21.949161],[89.055013,22.127879],[89.065717,22.207614],[88.995374,22.28735],[88.999962,22.42895],[88.926561,22.650285],[88.963261,22.692903],[88.912798,22.757516],[88.969378,22.844126],[88.857747,22.967854],[88.941853,23.205686],[88.810343,23.255177],[88.709416,23.231807],[88.762938,23.446268],[88.723179,23.512256],[88.593198,23.616738],[88.564143,23.712971],[88.606961,23.861444],[88.732354,23.910935],[88.743058,24.034663],[88.700241,24.096527],[88.746117,24.147393],[88.741529,24.254624],[88.68342,24.324736],[88.559556,24.308239],[88.38217,24.396223],[88.334765,24.442965],[88.132912,24.510328],[88.027398,24.690421],[88.068686,24.770157],[88.1742,24.86089],[88.140558,24.914506],[88.226193,24.959873],[88.278185,24.88976],[88.394403,24.969496],[88.452513,25.079476],[88.435692,25.200455],[88.733883,25.19908],[88.805755,25.17021],[88.90974,25.179833],[88.987728,25.273317],[88.839397,25.364051],[88.811872,25.523522],[88.646719,25.478155],[88.446396,25.595009],[88.454042,25.663747],[88.267481,25.781976],[88.143617,25.794349],[88.100799,25.830092],[88.093153,25.930449],[88.178788,26.149035],[88.351586,26.221897],[88.402049,26.330503],[88.515209,26.364872],[88.484626,26.461105],[88.333236,26.496848],[88.40052,26.643947],[88.4204,26.562836],[88.530501,26.478976],[88.70177,26.386868],[88.759879,26.329128],[88.926561,26.283761],[88.986199,26.349749],[88.90974,26.379994],[88.983141,26.447357],[89.096301,26.390992],[89.15441,26.139412],[89.22934,26.12429],[89.348617,26.010185],[89.541294,26.006061],[89.649867,26.063801],[89.608579,26.15316],[89.634575,26.228771],[89.729384,26.171031],[89.70033,26.217773],[89.781377,26.352499],[89.842544,26.382744],[89.834898,26.414363],[89.87007,26.613702],[89.851719,26.697562],[89.763027,26.698937],[89.636104,26.751178],[89.547411,26.813042],[89.454131,26.797919],[89.374613,26.854284],[89.255336,26.807543],[89.128414,26.806168],[89.090184,26.840537],[89.088655,26.888653],[88.920444,26.994509],[88.868452,26.965639],[88.865393,27.108614],[88.72165,27.138858],[88.597785,27.18835],[88.53203,27.175977],[88.424987,27.071496],[88.281244,27.131985],[88.154321,27.109989],[88.096212,27.133359],[88.038103,27.219969],[87.992227,27.108614],[88.120679,26.950517],[88.186434,26.771799],[88.160438,26.637073],[88.109975,26.547714],[88.239955,26.458355],[88.279714,26.330503],[88.146675,26.250767],[88.073274,26.175156],[87.975406,26.143536],[87.850013,26.039055],[87.853071,26.029432],[87.840837,25.996438],[87.846954,25.992313],[87.822487,25.935948],[87.827075,25.890582],[87.89283,25.865836],[87.96776,25.725611],[88.050336,25.700865],[88.021282,25.596384],[88.067157,25.483654],[87.960114,25.538644],[87.866834,25.497402],[87.767436,25.416291],[87.784258,25.34068],[87.846954,25.298062],[87.8179,25.241697],[87.762849,25.265068],[87.710857,25.258194],[87.778141,25.249946],[87.77967,25.14409],[87.794962,25.087725],[87.953997,24.97362],[87.960114,24.92138],[87.891301,24.855391],[87.839308,24.745411],[87.908122,24.72204],[87.889771,24.565318],[87.793433,24.58319],[87.801079,24.382476],[87.706269,24.260123],[87.638985,24.254624],[87.631339,24.16389],[87.44019,23.982422],[87.336206,24.034663],[87.23375,24.02504],[87.294917,23.901312],[87.23375,23.855945],[87.129765,23.853195],[87.085419,23.811953],[86.915679,23.882065],[86.80099,23.833949],[86.826986,23.765211],[86.80099,23.699223],[86.712297,23.699223],[86.485977,23.635984],[86.365171,23.531503],[86.31012,23.411899],[86.177081,23.469639],[86.158731,23.558998],[86.082272,23.565872],[86.039454,23.498509],[85.885006,23.483387],[85.85901,23.429771],[85.883477,23.350035],[85.819251,23.268925],[85.885006,23.167193],[86.044042,23.145197],[86.241307,22.996724],[86.501269,22.993974],[86.435514,22.926611],[86.418693,22.79051],[86.559378,22.713524],[86.641954,22.657159],[86.658775,22.576049],[86.765818,22.576049],[86.80099,22.488064],[86.764289,22.4262],[86.845336,22.40008],[86.833103,22.325843],[86.727589,22.215863],[86.83769,22.097634],[86.964613,22.085261],[87.028839,22.03852],[87.001313,21.913417],[87.100711,21.863926],[87.108357,21.924415],[87.242925,21.964283],[87.249042,21.854303],[87.282684,21.803437],[87.441719,21.767693],[87.484537,21.615095],[87.674156,21.650839],[87.788845,21.698955],[87.955527,21.830932],[88.064099,22.017898],[88.186434,22.104508],[88.135971,22.185618],[88.015165,22.202115],[87.998344,22.244733]]],[[[88.7767,21.86805],[88.715533,21.905169],[88.691066,21.751196],[88.746117,21.661837],[88.808813,21.668711],[88.7767,21.86805]]],[[[88.943382,21.914792],[88.882214,21.913417],[88.821047,21.927165],[88.947969,21.769068],[88.943382,21.914792]]]]},"properties":{"name":"West Bengal"}},
{"type":"Feature","geometry":{"type":"MultiPolygon","coordinates":[[[[72.96184,20.208722],[72.964899,20.127611],[73.137697,20.086368],[73.211098,20.120737],[73.134638,20.199098],[73.166751,20.288457],[73.042887,20.325576],[72.932786,20.295331],[72.96184,20.208722]]],[[[72.88691,20.461676],[72.836447,20.453428],[72.828801,20.368193],[72.88691,20.461676]]],[[[70.920375,20.742126],[70.976955,20.702258],[70.999892,20.742126],[70.920375,20.742126]]],[[[72.96184,20.208722],[72.964899,20.127611],[73.137697,20.086368],[73.211098,20.120737],[73.134638,20.199098],[73.166751,20.288457],[73.042887,20.325576],[72.932786,20.295331],[72.96184,20.208722]]],[[[72.88691,20.461676],[72.836447,20.453428],[72.828801,20.368193],[72.88691,20.461676]]],[[[70.920375,20.742126],[70.976955,20.702258],[70.999892,20.742126],[70.920375,20.742126]]]]},"properties":{"name":"Dadra and Nagar Haveli and Daman and Diu"}},
{"type":"Feature","geometry":{"type":"MultiPolygon","coordinates":[[[[79.685679,11.880459],[79.808014,11.844716],[79.840127,11.956071],[79.785076,11.960195],[79.685679,11.880459]]],[[[79.723909,10.929129],[79.818718,10.879638],[79.849302,10.827398],[79.850831,10.985494],[79.748376,10.996492],[79.723909,10.929129]]],[[[75.555343,11.722363],[75.54158,11.73886],[75.536993,11.719613],[75.555343,11.722363]]],[[[82.185901,16.737467],[82.199664,16.72097],[82.239423,16.716845],[82.266948,16.694849],[82.270006,16.722344],[82.185901,16.737467]]],[[[79.685679,11.880459],[79.808014,11.844716],[79.840127,11.956071],[79.785076,11.960195],[79.685679,11.880459]]],[[[79.723909,10.929129],[79.818718,10.879638],[79.849302,10.827398],[79.850831,10.985494],[79.748376,10.996492],[79.723909,10.929129]]],[[[75.555343,11.722363],[75.54158,11.73886],[75.536993,11.719613],[75.555343,11.722363]]],[[[82.185901,16.737467],[82.199664,16.72097],[82.239423,16.716845],[82.266948,16.694849],[82.270006,16.722344],[82.185901,16.737467]]]]},"properties":{"name":"Puducherry"}},
{"type":"Feature","geometry":{"type":"MultiPolygon","coordinates":[[[[73.053592,8.273104],[73.01842,8.275853],[73.042887,8.263481],[73.053592,8.273104]]],[[[73.053592,8.273104],[73.01842,8.275853],[73.042887,8.263481],[73.053592,8.273104]]]]},"properties":{"name":"Lakshadweep"}},
{"type":"Feature","geometry":{"type":"MultiPolygon","coordinates":[[[[93.223579,28.341769],[93.024784,28.303275],[92.896332,28.204293],[92.801523,28.201544],[92.688363,28.125932],[92.662367,28.066818],[92.734238,27.976084],[92.670013,27.899098],[92.56144,27.820737],[92.46816,27.815238],[92.309124,27.779494],[92.257132,27.861979],[92.157735,27.837234],[92.056808,27.758873],[91.986466,27.769871],[91.880952,27.721754],[91.825901,27.809739],[91.630165,27.80149],[91.625577,27.705257],[91.559822,27.63377],[91.56441,27.584279],[91.654632,27.482547],[91.94059,27.460551],[92.013991,27.489421],[92.055279,27.400062],[92.070571,27.276334],[92.024695,27.162229],[92.03387,27.064622],[92.104213,27.006882],[92.113388,26.892777],[92.194435,26.890028],[92.359587,26.925772],[92.446751,26.958766],[92.562969,26.957391],[92.65625,27.008257],[92.673071,27.031628],[92.887157,27.000008],[93.021726,26.913399],[93.061485,26.921647],[93.397906,26.957391],[93.471307,26.93677],[93.665514,26.968389],[93.697627,26.994509],[93.829137,27.067371],[93.806199,27.148482],[93.991231,27.328575],[94.21908,27.504543],[94.266485,27.519665],[94.212963,27.606275],[94.23743,27.632395],[94.364353,27.574656],[94.462221,27.555409],[94.852164,27.727253],[95.136592,27.815238],[95.309391,27.867478],[95.379733,27.838608],[95.514302,27.879851],[95.518889,27.883975],[95.606053,27.955463],[95.81861,27.97196],[95.97,27.959587],[95.774264,27.732752],[95.78038,27.621397],[95.873661,27.544411],[95.882836,27.435805],[95.940945,27.43718],[96.015875,27.368442],[95.959295,27.310703],[95.85684,27.270835],[95.742151,27.266711],[95.633578,27.230967],[95.534181,27.263961],[95.483718,27.241965],[95.448547,27.131985],[95.376675,27.096241],[95.369029,27.109989],[95.258927,27.030253],[95.196231,27.034377],[95.229873,26.923022],[95.202348,26.846036],[95.23446,26.68244],[95.303274,26.650821],[95.427138,26.697562],[95.495952,26.817166],[95.607582,26.813042],[95.684042,26.903775],[95.745209,26.895527],[95.801789,27.015131],[95.945533,27.050874],[96.021992,27.180101],[96.089276,27.222719],[96.306421,27.294206],[96.508274,27.29833],[96.606142,27.365693],[96.79729,27.346446],[96.884454,27.259837],[96.859987,27.189724],[96.983851,27.153981],[97.063369,27.092117],[97.164295,27.141608],[97.090894,27.213095],[96.962443,27.401437],[96.902804,27.452302],[96.934917,27.508667],[96.861516,27.631021],[96.902804,27.613149],[97.031256,27.749249],[97.15665,27.813863],[97.252988,27.900472],[97.375323,27.908721],[97.387557,28.003579],[97.327919,28.057194],[97.327919,28.154802],[97.370736,28.218041],[97.220875,28.292277],[97.170412,28.292277],[97.089365,28.36239],[96.994556,28.310149],[96.896688,28.380262],[96.780469,28.363765],[96.662722,28.459997],[96.578617,28.457248],[96.508274,28.413256],[96.314067,28.383011],[96.372176,28.481994],[96.326301,28.510863],[96.492982,28.633217],[96.471573,28.684082],[96.584733,28.717077],[96.607671,28.794063],[96.537328,28.880672],[96.518978,28.967282],[96.436402,29.034645],[96.34618,29.029146],[96.248312,28.939787],[96.150444,29.049767],[96.217728,29.135002],[96.34618,29.167996],[96.393585,29.253231],[96.243724,29.232609],[96.17644,29.361836],[96.089276,29.459444],[95.957766,29.381083],[95.882836,29.389331],[95.703921,29.298598],[95.587703,29.216112],[95.538769,29.211988],[95.454663,29.034645],[95.269632,29.049767],[95.252811,29.108882],[94.873572,29.183118],[94.792525,29.225736],[94.679365,29.327467],[94.579968,29.280726],[94.560089,29.228485],[94.433166,29.22711],[94.359765,29.152874],[94.290952,29.147375],[94.186967,29.038769],[94.157912,28.954909],[93.997348,28.840804],[93.962176,28.712952],[93.845958,28.707453],[93.622697,28.656587],[93.492716,28.684082],[93.339797,28.64009],[93.278629,28.50399],[93.18229,28.432502],[93.223579,28.341769]]],[[[94.212963,27.606275],[94.23743,27.632395],[94.364353,27.574656],[94.462221,27.555409],[94.852164,27.727253],[95.136592,27.815238],[95.309391,27.867478],[95.379733,27.838608],[95.514302,27.879851],[95.518889,27.883975],[95.606053,27.955463],[95.81861,27.97196],[95.97,27.959587],[95.774264,27.732752],[95.78038,27.621397],[95.873661,27.544411],[95.882836,27.435805],[95.940945,27.43718],[96.015875,27.368442],[95.959295,27.310703],[95.85684,27.270835],[95.742151,27.266711],[95.633578,27.230967],[95.534181,27.263961],[95.483718,27.241965],[95.448547,27.131985],[95.376675,27.096241],[95.369029,27.109989],[95.258927,27.030253],[95.196231,27.034377],[95.229873,26.923022],[95.202348,26.846036],[95.23446,26.68244],[95.303274,26.650821],[95.427138,26.697562],[95.495952,26.817166],[95.607582,26.813042],[95.684042,26.903775],[95.745209,26.895527],[95.801789,27.015131],[95.945533,27.050874],[96.021992,27.180101],[96.089276,27.222719],[96.306421,27.294206],[96.508274,27.29833],[96.606142,27.365693],[96.79729,27.346446],[96.884454,27.259837],[96.859987,27.189724],[96.983851,27.153981],[97.063369,27.092117],[97.164295,27.141608],[97.090894,27.213095],[96.962443,27.401437],[96.902804,27.452302],[96.934917,27.508667],[96.861516,27.631021],[96.902804,27.613149],[97.031256,27.749249],[97.15665,27.813863],[97.252988,27.900472],[97.375323,27.908721],[97.387557,28.003579],[97.327919,28.057194],[97.327919,28.154802],[97.370736,28.218041],[97.220875,28.292277],[97.170412,28.292277],[97.089365,28.36239],[96.994556,28.310149],[96.896688,28.380262],[96.780469,28.363765],[96.662722,28.459997],[96.578617,28.457248],[96.508274,28.413256],[96.314067,28.383011],[96.372176,28.481994],[96.326301,28.510863],[96.492982,28.633217],[96.471573,28.684082],[96.584733,28.717077],[96.607671,28.794063],[96.537328,28.880672],[96.518978,28.967282],[96.436402,29.034645],[96.34618,29.029146],[96.248312,28.939787],[96.150444,29.049767],[96.217728,29.135002],[96.34618,29.167996],[96.393585,29.253231],[96.243724,29.232609],[96.17644,29.361836],[96.089276,29.459444],[95.957766,29.381083],[95.882836,29.389331],[95.703921,29.298598],[95.587703,29.216112],[95.538769,29.211988],[95.454663,29.034645],[95.269632,29.049767],[95.252811,29.108882],[94.873572,29.183118],[94.792525,29.225736],[94.679365,29.327467],[94.579968,29.280726],[94.560089,29.228485],[94.433166,29.22711],[94.359765,29.152874],[94.290952,29.147375],[94.186967,29.038769],[94.157912,28.954909],[93.997348,28.840804],[93.962176,28.712952],[93.845958,28.707453],[93.622697,28.656587],[93.492716,28.684082],[93.339797,28.64009],[93.278629,28.50399],[93.18229,28.432502],[93.223579,28.341769],[93.024784,28.303275],[92.896332,28.204293],[92.801523,28.201544],[92.688363,28.125932],[92.662367,28.066818],[92.734238,27.976084],[92.670013,27.899098],[92.56144,27.820737],[92.46816,27.815238],[92.309124,27.779494],[92.257132,27.861979],[92.157735,27.837234],[92.056808,27.758873],[91.986466,27.769871],[91.880952,27.721754],[91.825901,27.809739],[91.630165,27.80149],[91.625577,27.705257],[91.559822,27.63377],[91.56441,27.584279],[91.654632,27.482547],[91.94059,27.460551],[92.013991,27.489421],[92.055279,27.400062],[92.070571,27.276334],[92.024695,27.162229],[92.03387,27.064622],[92.104213,27.006882],[92.113388,26.892777],[92.194435,26.890028],[92.359587,26.925772],[92.446751,26.958766],[92.562969,26.957391],[92.65625,27.008257],[92.673071,27.031628],[92.887157,27.000008],[93.021726,26.913399],[93.061485,26.921647],[93.397906,26.957391],[93.471307,26.93677],[93.665514,26.968389],[93.697627,26.994509],[93.829137,27.067371],[93.806199,27.148482],[93.991231,27.328575],[94.21908,27.504543],[94.266485,27.519665],[94.212963,27.606275]]]]},"properties":{"name":"Arunachal Pradesh"}},
{"type":"Feature","geometry":{"type":"MultiPolygon","coordinates":[[[[95.774264,27.732752],[95.97,27.959587],[95.81861,27.97196],[95.606053,27.955463],[95.518889,27.883975],[95.514302,27.879851],[95.379733,27.838608],[95.309391,27.867478],[95.136592,27.815238],[94.852164,27.727253],[94.462221,27.555409],[94.364353,27.574656],[94.23743,27.632395],[94.212963,27.606275],[94.266485,27.519665],[94.21908,27.504543],[93.991231,27.328575],[93.806199,27.148482],[93.829137,27.067371],[93.697627,26.994509],[93.665514,26.968389],[93.471307,26.93677],[93.397906,26.957391],[93.061485,26.921647],[93.021726,26.913399],[92.887157,27.000008],[92.673071,27.031628],[92.65625,27.008257],[92.562969,26.957391],[92.446751,26.958766],[92.359587,26.925772],[92.194435,26.890028],[92.113388,26.892777],[92.056808,26.846036],[91.983407,26.858409],[91.893185,26.918898],[91.703566,26.813042],[91.625577,26.82129],[91.495596,26.791046],[91.408433,26.840537],[91.336561,26.780048],[91.237164,26.811667],[91.098007,26.822665],[91.053661,26.781422],[90.951205,26.777298],[90.71724,26.76905],[90.545971,26.817166],[90.417519,26.90515],[90.336472,26.862533],[90.230958,26.858409],[90.194257,26.773174],[90.048985,26.730556],[89.859365,26.734681],[89.851719,26.697562],[89.87007,26.613702],[89.834898,26.414363],[89.842544,26.382744],[89.781377,26.352499],[89.70033,26.217773],[89.729384,26.171031],[89.886891,25.945572],[89.842544,25.882333],[89.827252,25.732485],[89.882303,25.617005],[89.851719,25.465782],[89.871599,25.47678],[89.877716,25.549642],[90.01993,25.607382],[89.899124,25.726986],[90.059689,25.913952],[90.122386,25.959319],[90.186612,25.944197],[90.43434,25.990939],[90.631605,25.919451],[90.71724,25.955195],[90.948147,25.948321],[91.026136,25.886457],[91.007785,25.824593],[91.146941,25.850714],[91.221872,25.722861],[91.335032,25.84109],[91.445133,25.839716],[91.579702,26.033556],[91.721916,25.966193],[91.723445,26.034931],[91.825901,26.118791],[91.867189,26.041804],[92.133268,26.044554],[92.173026,26.076173],[92.273953,26.065175],[92.163851,25.970317],[92.202081,25.907079],[92.151618,25.816345],[92.151618,25.671996],[92.225019,25.715988],[92.443693,25.720112],[92.50486,25.617005],[92.584378,25.551017],[92.660837,25.571638],[92.569086,25.465782],[92.653191,25.434163],[92.792348,25.28294],[92.743414,25.207329],[92.663896,25.177084],[92.621079,25.11522],[92.540032,25.098723],[92.480393,25.108346],[92.425342,25.029985],[92.515565,24.880137],[92.385584,24.851267],[92.29842,24.915881],[92.234194,24.899384],[92.295362,24.737163],[92.254073,24.678048],[92.214315,24.508953],[92.26019,24.359105],[92.218902,24.286243],[92.295362,24.245],[92.422284,24.2505],[92.436047,24.154267],[92.532386,24.177638],[92.550736,24.24775],[92.611903,24.255999],[92.625666,24.33161],[92.689892,24.353606],[92.761764,24.513078],[92.799993,24.419594],[92.896332,24.390724],[93.009492,24.412721],[93.049251,24.544697],[93.087481,24.572192],[93.085952,24.709667],[93.108889,24.811399],[93.174644,24.797652],[93.248046,24.914506],[93.246516,24.972246],[93.344384,25.123469],[93.381085,25.240323],[93.469778,25.306311],[93.456015,25.434163],[93.329092,25.542769],[93.42696,25.632128],[93.512595,25.674745],[93.543179,25.73111],[93.702214,25.852088],[93.680806,25.904329],[93.775615,25.968943],[93.777144,25.849339],[93.881129,25.84384],[93.978997,25.916702],[93.95453,25.968943],[94.000406,26.172406],[94.104391,26.319505],[94.164029,26.351124],[94.183908,26.455606],[94.284835,26.561462],[94.313889,26.461105],[94.401053,26.533967],[94.402582,26.610953],[94.586085,26.725057],[94.735945,26.749803],[94.790996,26.796545],[94.865926,26.909275],[94.924035,26.949142],[94.982144,26.913399],[95.101421,26.961515],[95.196231,27.034377],[95.258927,27.030253],[95.369029,27.109989],[95.376675,27.096241],[95.448547,27.131985],[95.483718,27.241965],[95.534181,27.263961],[95.633578,27.230967],[95.742151,27.266711],[95.85684,27.270835],[95.959295,27.310703],[96.015875,27.368442],[95.940945,27.43718],[95.882836,27.435805],[95.873661,27.544411],[95.78038,27.621397],[95.774264,27.732752]]],[[[95.369029,27.109989],[95.376675,27.096241],[95.448547,27.131985],[95.483718,27.241965],[95.534181,27.263961],[95.633578,27.230967],[95.742151,27.266711],[95.85684,27.270835],[95.959295,27.310703],[96.015875,27.368442],[95.940945,27.43718],[95.882836,27.435805],[95.873661,27.544411],[95.78038,27.621397],[95.774264,27.732752],[95.97,27.959587],[95.81861,27.97196],[95.606053,27.955463],[95.518889,27.883975],[95.514302,27.879851],[95.379733,27.838608],[95.309391,27.867478],[95.136592,27.815238],[94.852164,27.727253],[94.462221,27.555409],[94.364353,27.574656],[94.23743,27.632395],[94.212963,27.606275],[94.266485,27.519665],[94.21908,27.504543],[93.991231,27.328575],[93.806199,27.148482],[93.829137,27.067371],[93.697627,26.994509],[93.665514,26.968389],[93.471307,26.93677],[93.397906,26.957391],[93.061485,26.921647],[93.021726,26.913399],[92.887157,27.000008],[92.673071,27.031628],[92.65625,27.008257],[92.562969,26.957391],[92.446751,26.958766],[92.359587,26.925772],[92.194435,26.890028],[92.113388,26.892777],[92.056808,26.846036],[91.983407,26.858409],[91.893185,26.918898],[91.703566,26.813042],[91.625577,26.82129],[91.495596,26.791046],[91.408433,26.840537],[91.336561,26.780048],[91.237164,26.811667],[91.098007,26.822665],[91.053661,26.781422],[90.951205,26.777298],[90.71724,26.76905],[90.545971,26.817166],[90.417519,26.90515],[90.336472,26.862533],[90.230958,26.858409],[90.194257,26.773174],[90.048985,26.730556],[89.859365,26.734681],[89.851719,26.697562],[89.87007,26.613702],[89.834898,26.414363],[89.842544,26.382744],[89.781377,26.352499],[89.70033,26.217773],[89.729384,26.171031],[89.886891,25.945572],[89.842544,25.882333],[89.827252,25.732485],[89.882303,25.617005],[89.851719,25.465782],[89.871599,25.47678],[89.877716,25.549642],[90.01993,25.607382],[89.899124,25.726986],[90.059689,25.913952],[90.122386,25.959319],[90.186612,25.944197],[90.43434,25.990939],[90.631605,25.919451],[90.71724,25.955195],[90.948147,25.948321],[91.026136,25.886457],[91.007785,25.824593],[91.146941,25.850714],[91.221872,25.722861],[91.335032,25.84109],[91.445133,25.839716],[91.579702,26.033556],[91.721916,25.966193],[91.723445,26.034931],[91.825901,26.118791],[91.867189,26.041804],[92.133268,26.044554],[92.173026,26.076173],[92.273953,26.065175],[92.163851,25.970317],[92.202081,25.907079],[92.151618,25.816345],[92.151618,25.671996],[92.225019,25.715988],[92.443693,25.720112],[92.50486,25.617005],[92.584378,25.551017],[92.660837,25.571638],[92.569086,25.465782],[92.653191,25.434163],[92.792348,25.28294],[92.743414,25.207329],[92.663896,25.177084],[92.621079,25.11522],[92.540032,25.098723],[92.480393,25.108346],[92.425342,25.029985],[92.515565,24.880137],[92.385584,24.851267],[92.29842,24.915881],[92.234194,24.899384],[92.295362,24.737163],[92.254073,24.678048],[92.214315,24.508953],[92.26019,24.359105],[92.218902,24.286243],[92.295362,24.245],[92.422284,24.2505],[92.436047,24.154267],[92.532386,24.177638],[92.550736,24.24775],[92.611903,24.255999],[92.625666,24.33161],[92.689892,24.353606],[92.761764,24.513078],[92.799993,24.419594],[92.896332,24.390724],[93.009492,24.412721],[93.049251,24.544697],[93.087481,24.572192],[93.085952,24.709667],[93.108889,24.811399],[93.174644,24.797652],[93.248046,24.914506],[93.246516,24.972246],[93.344384,25.123469],[93.381085,25.240323],[93.469778,25.306311],[93.456015,25.434163],[93.329092,25.542769],[93.42696,25.632128],[93.512595,25.674745],[93.543179,25.73111],[93.702214,25.852088],[93.680806,25.904329],[93.775615,25.968943],[93.777144,25.849339],[93.881129,25.84384],[93.978997,25.916702],[93.95453,25.968943],[94.000406,26.172406],[94.104391,26.319505],[94.164029,26.351124],[94.183908,26.455606],[94.284835,26.561462],[94.313889,26.461105],[94.401053,26.533967],[94.402582,26.610953],[94.586085,26.725057],[94.735945,26.749803],[94.790996,26.796545],[94.865926,26.909275],[94.924035,26.949142],[94.982144,26.913399],[95.101421,26.961515],[95.196231,27.034377],[95.258927,27.030253],[95.369029,27.109989]]]]},"properties":{"name":"Assam"}},
{"type":"Feature","geometry":{"type":"MultiPolygon","coordinates":[[[[94.790996,26.796545],[94.735945,26.749803],[94.586085,26.725057],[94.402582,26.610953],[94.401053,26.533967],[94.313889,26.461105],[94.284835,26.561462],[94.183908,26.455606],[94.164029,26.351124],[94.104391,26.319505],[94.000406,26.172406],[93.95453,25.968943],[93.978997,25.916702],[93.881129,25.84384],[93.777144,25.849339],[93.775615,25.968943],[93.680806,25.904329],[93.702214,25.852088],[93.543179,25.73111],[93.512595,25.674745],[93.42696,25.632128],[93.329092,25.542769],[93.456015,25.434163],[93.469778,25.306311],[93.501891,25.243072],[93.605875,25.19908],[93.667043,25.310435],[93.80467,25.463033],[93.764911,25.538644],[93.93618,25.559266],[94.006523,25.567514],[94.107449,25.522147],[94.190025,25.548268],[94.208375,25.496027],[94.321535,25.502901],[94.416345,25.535895],[94.488217,25.604633],[94.550914,25.579887],[94.553972,25.504276],[94.674778,25.445161],[94.807817,25.493277],[94.882747,25.586761],[94.936269,25.667871],[95.040254,25.742108],[95.014257,25.890582],[95.125888,25.986814],[95.185526,26.073424],[95.116713,26.107793],[95.12283,26.348375],[95.061662,26.450107],[95.23446,26.68244],[95.202348,26.846036],[95.229873,26.923022],[95.196231,27.034377],[95.101421,26.961515],[94.982144,26.913399],[94.924035,26.949142],[94.865926,26.909275],[94.790996,26.796545]]],[[[95.014257,25.890582],[95.125888,25.986814],[95.185526,26.073424],[95.116713,26.107793],[95.12283,26.348375],[95.061662,26.450107],[95.23446,26.68244],[95.202348,26.846036],[95.229873,26.923022],[95.196231,27.034377],[95.101421,26.961515],[94.982144,26.913399],[94.924035,26.949142],[94.865926,26.909275],[94.790996,26.796545],[94.735945,26.749803],[94.586085,26.725057],[94.402582,26.610953],[94.401053,26.533967],[94.313889,26.461105],[94.284835,26.561462],[94.183908,26.455606],[94.164029,26.351124],[94.104391,26.319505],[94.000406,26.172406],[93.95453,25.968943],[93.978997,25.916702],[93.881129,25.84384],[93.777144,25.849339],[93.775615,25.968943],[93.680806,25.904329],[93.702214,25.852088],[93.543179,25.73111],[93.512595,25.674745],[93.42696,25.632128],[93.329092,25.542769],[93.456015,25.434163],[93.469778,25.306311],[93.501891,25.243072],[93.605875,25.19908],[93.667043,25.310435],[93.80467,25.463033],[93.764911,25.538644],[93.93618,25.559266],[94.006523,25.567514],[94.107449,25.522147],[94.190025,25.548268],[94.208375,25.496027],[94.321535,25.502901],[94.416345,25.535895],[94.488217,25.604633],[94.550914,25.579887],[94.553972,25.504276],[94.674778,25.445161],[94.807817,25.493277],[94.882747,25.586761],[94.936269,25.667871],[95.040254,25.742108],[95.014257,25.890582]]]]},"properties":{"name":"Nagaland"}},
{"type":"Feature","geometry":{"type":"MultiPolygon","coordinates":[[[[92.173026,26.076173],[92.133268,26.044554],[91.867189,26.041804],[91.825901,26.118791],[91.723445,26.034931],[91.721916,25.966193],[91.579702,26.033556],[91.445133,25.839716],[91.335032,25.84109],[91.221872,25.722861],[91.146941,25.850714],[91.007785,25.824593],[91.026136,25.886457],[90.948147,25.948321],[90.71724,25.955195],[90.631605,25.919451],[90.43434,25.990939],[90.186612,25.944197],[90.122386,25.959319],[90.059689,25.913952],[89.899124,25.726986],[90.01993,25.607382],[89.877716,25.549642],[89.871599,25.47678],[89.815019,25.388796],[89.834898,25.296688],[89.974054,25.299437],[90.111681,25.223826],[90.234016,25.203204],[90.331884,25.192206],[90.445044,25.14409],[90.510799,25.168835],[90.692773,25.159212],[90.779936,25.183958],[90.854867,25.159212],[90.969556,25.17296],[91.081186,25.20183],[91.252455,25.197705],[91.354911,25.233449],[91.379378,25.177084],[91.492538,25.134467],[91.602639,25.174334],[91.642398,25.124843],[91.746383,25.171585],[92.017049,25.189457],[92.081275,25.183958],[92.199023,25.124843],[92.425342,25.029985],[92.480393,25.108346],[92.540032,25.098723],[92.621079,25.11522],[92.663896,25.177084],[92.743414,25.207329],[92.792348,25.28294],[92.653191,25.434163],[92.569086,25.465782],[92.660837,25.571638],[92.584378,25.551017],[92.50486,25.617005],[92.443693,25.720112],[92.225019,25.715988],[92.151618,25.671996],[92.151618,25.816345],[92.202081,25.907079],[92.163851,25.970317],[92.273953,26.065175],[92.173026,26.076173]]],[[[92.199023,25.124843],[92.425342,25.029985],[92.480393,25.108346],[92.540032,25.098723],[92.621079,25.11522],[92.663896,25.177084],[92.743414,25.207329],[92.792348,25.28294],[92.653191,25.434163],[92.569086,25.465782],[92.660837,25.571638],[92.584378,25.551017],[92.50486,25.617005],[92.443693,25.720112],[92.225019,25.715988],[92.151618,25.671996],[92.151618,25.816345],[92.202081,25.907079],[92.163851,25.970317],[92.273953,26.065175],[92.173026,26.076173],[92.133268,26.044554],[91.867189,26.041804],[91.825901,26.118791],[91.723445,26.034931],[91.721916,25.966193],[91.579702,26.033556],[91.445133,25.839716],[91.335032,25.84109],[91.221872,25.722861],[91.146941,25.850714],[91.007785,25.824593],[91.026136,25.886457],[90.948147,25.948321],[90.71724,25.955195],[90.631605,25.919451],[90.43434,25.990939],[90.186612,25.944197],[90.122386,25.959319],[90.059689,25.913952],[89.899124,25.726986],[90.01993,25.607382],[89.877716,25.549642],[89.871599,25.47678],[89.815019,25.388796],[89.834898,25.296688],[89.974054,25.299437],[90.111681,25.223826],[90.234016,25.203204],[90.331884,25.192206],[90.445044,25.14409],[90.510799,25.168835],[90.692773,25.159212],[90.779936,25.183958],[90.854867,25.159212],[90.969556,25.17296],[91.081186,25.20183],[91.252455,25.197705],[91.354911,25.233449],[91.379378,25.177084],[91.492538,25.134467],[91.602639,25.174334],[91.642398,25.124843],[91.746383,25.171585],[92.017049,25.189457],[92.081275,25.183958],[92.199023,25.124843]]]]},"properties":{"name":"Meghalaya"}},
{"type":"Feature","geometry":{"type":"MultiPolygon","coordinates":[[[[94.653369,25.11522],[94.575381,25.214202],[94.674778,25.445161],[94.553972,25.504276],[94.550914,25.579887],[94.488217,25.604633],[94.416345,25.535895],[94.321535,25.502901],[94.208375,25.496027],[94.190025,25.548268],[94.107449,25.522147],[94.006523,25.567514],[93.93618,25.559266],[93.764911,25.538644],[93.80467,25.463033],[93.667043,25.310435],[93.605875,25.19908],[93.501891,25.243072],[93.469778,25.306311],[93.381085,25.240323],[93.344384,25.123469],[93.246516,24.972246],[93.248046,24.914506],[93.174644,24.797652],[93.108889,24.811399],[93.085952,24.709667],[93.087481,24.572192],[93.049251,24.544697],[93.009492,24.412721],[93.023255,24.234002],[92.97585,24.115774],[93.206757,24.047036],[93.252633,24.020916],[93.378026,24.088278],[93.416256,24.071781],[93.504949,23.942555],[93.624226,24.011292],[93.740444,24.005793],[93.807728,23.926057],[93.893363,23.953553],[94.017227,23.927432],[94.156383,23.847696],[94.170146,23.928807],[94.23743,24.036038],[94.252722,24.114399],[94.290952,24.232628],[94.40717,24.437466],[94.375057,24.493831],[94.534092,24.642305],[94.544797,24.711042],[94.628902,24.756409],[94.63196,24.838894],[94.687011,24.88976],[94.743591,25.036859],[94.735945,25.113845],[94.653369,25.11522]]],[[[94.653369,25.11522],[94.575381,25.214202],[94.674778,25.445161],[94.553972,25.504276],[94.550914,25.579887],[94.488217,25.604633],[94.416345,25.535895],[94.321535,25.502901],[94.208375,25.496027],[94.190025,25.548268],[94.107449,25.522147],[94.006523,25.567514],[93.93618,25.559266],[93.764911,25.538644],[93.80467,25.463033],[93.667043,25.310435],[93.605875,25.19908],[93.501891,25.243072],[93.469778,25.306311],[93.381085,25.240323],[93.344384,25.123469],[93.246516,24.972246],[93.248046,24.914506],[93.174644,24.797652],[93.108889,24.811399],[93.085952,24.709667],[93.087481,24.572192],[93.049251,24.544697],[93.009492,24.412721],[93.023255,24.234002],[92.97585,24.115774],[93.206757,24.047036],[93.252633,24.020916],[93.378026,24.088278],[93.416256,24.071781],[93.504949,23.942555],[93.624226,24.011292],[93.740444,24.005793],[93.807728,23.926057],[93.893363,23.953553],[94.017227,23.927432],[94.156383,23.847696],[94.170146,23.928807],[94.23743,24.036038],[94.252722,24.114399],[94.290952,24.232628],[94.40717,24.437466],[94.375057,24.493831],[94.534092,24.642305],[94.544797,24.711042],[94.628902,24.756409],[94.63196,24.838894],[94.687011,24.88976],[94.743591,25.036859],[94.735945,25.113845],[94.653369,25.11522]]]]},"properties":{"name":"Manipur"}},
{"type":"Feature","geometry":{"type":"MultiPolygon","coordinates":[[[[92.295362,24.245],[92.218902,24.286243],[92.26019,24.359105],[92.214315,24.508953],[92.156205,24.52545],[92.139384,24.425093],[92.070571,24.376977],[91.971174,24.382476],[91.92224,24.338484],[91.942119,24.262872],[91.923769,24.1089],[91.859543,24.183137],[91.746383,24.245],[91.755558,24.141894],[91.656161,24.185886],[91.630165,24.103401],[91.4696,24.062158],[91.373261,24.001669],[91.29986,23.997545],[91.218813,23.879316],[91.247868,23.829825],[91.226459,23.732217],[91.156117,23.74184],[91.160704,23.594742],[91.255514,23.486136],[91.31974,23.277173],[91.454308,23.260676],[91.50783,23.18369],[91.543001,22.999473],[91.576643,22.965104],[91.720387,22.9871],[91.806021,23.062712],[91.815197,23.145197],[91.758617,23.266175],[91.838134,23.370657],[91.804492,23.515006],[91.86566,23.446268],[91.942119,23.427022],[91.974232,23.480637],[91.937532,23.6896],[92.059867,23.642858],[92.119505,23.732217],[92.176085,23.707472],[92.264778,23.726718],[92.257132,23.813328],[92.324416,23.913685],[92.312183,24.052535],[92.330533,24.183137],[92.295362,24.245]]],[[[91.758617,23.266175],[91.838134,23.370657],[91.804492,23.515006],[91.86566,23.446268],[91.942119,23.427022],[91.974232,23.480637],[91.937532,23.6896],[92.059867,23.642858],[92.119505,23.732217],[92.176085,23.707472],[92.264778,23.726718],[92.257132,23.813328],[92.324416,23.913685],[92.312183,24.052535],[92.330533,24.183137],[92.295362,24.245],[92.218902,24.286243],[92.26019,24.359105],[92.214315,24.508953],[92.156205,24.52545],[92.139384,24.425093],[92.070571,24.376977],[91.971174,24.382476],[91.92224,24.338484],[91.942119,24.262872],[91.923769,24.1089],[91.859543,24.183137],[91.746383,24.245],[91.755558,24.141894],[91.656161,24.185886],[91.630165,24.103401],[91.4696,24.062158],[91.373261,24.001669],[91.29986,23.997545],[91.218813,23.879316],[91.247868,23.829825],[91.226459,23.732217],[91.156117,23.74184],[91.160704,23.594742],[91.255514,23.486136],[91.31974,23.277173],[91.454308,23.260676],[91.50783,23.18369],[91.543001,22.999473],[91.576643,22.965104],[91.720387,22.9871],[91.806021,23.062712],[91.815197,23.145197],[91.758617,23.266175]]]]},"properties":{"name":"Tripura"}},
{"type":"Feature","geometry":{"type":"MultiPolygon","coordinates":[[[[92.865749,12.235146],[92.871865,12.302509],[92.832106,12.301134],[92.810698,12.313507],[92.740355,12.246144],[92.76941,12.182905],[92.855044,12.159535],[92.865749,12.235146]]],[[[92.873395,12.331379],[92.974321,12.543091],[92.955971,12.624202],[92.968204,12.739681],[92.923858,12.88403],[92.858103,12.901902],[92.911624,13.0545],[92.959029,13.016007],[93.033959,13.081995],[93.030901,13.178228],[93.064543,13.273086],[93.030901,13.344573],[93.043134,13.52879],[92.988084,13.574157],[92.933033,13.498545],[92.870336,13.472425],[92.841282,13.391315],[92.821402,13.112239],[92.78776,13.020131],[92.793877,12.862034],[92.729651,12.835914],[92.744943,12.723184],[92.71283,12.544466],[92.699067,12.328629],[92.718947,12.29976],[92.778585,12.313507],[92.809169,12.316257],[92.830577,12.302509],[92.873395,12.331379]]],[[[92.520152,10.89751],[92.377938,10.782031],[92.384054,10.670676],[92.432988,10.551072],[92.530856,10.520827],[92.596612,10.681674],[92.585907,10.78753],[92.520152,10.89751]]],[[[92.639429,11.510651],[92.585907,11.40067],[92.598141,11.347055],[92.689892,11.37455],[92.639429,11.510651]]],[[[92.755647,12.177406],[92.660837,12.214525],[92.622608,12.101795],[92.601199,11.84884],[92.535444,11.912079],[92.550736,11.719613],[92.665425,11.505152],[92.751059,11.609633],[92.660837,11.653625],[92.754118,11.701741],[92.790818,11.885959],[92.706713,11.973943],[92.781643,12.04818],[92.734238,12.083923],[92.755647,12.174657],[92.755647,12.177406]]],[[[93.836783,7.240663],[93.674689,7.191172],[93.645634,7.126559],[93.667043,7.023452],[93.717506,6.991833],[93.800082,6.766373],[93.878071,6.793868],[93.914771,6.949215],[93.868896,7.20492],[93.836783,7.240663]]],[[[93.700685,7.445502],[93.608934,7.312151],[93.636459,7.244788],[93.712919,7.312151],[93.743502,7.376764],[93.700685,7.445502]]],[[[92.792348,9.238182],[92.720476,9.218935],[92.728122,9.126826],[92.82599,9.140574],[92.792348,9.238182]]],[[[92.755647,12.177406],[92.660837,12.214525],[92.622608,12.101795],[92.601199,11.84884],[92.535444,11.912079],[92.550736,11.719613],[92.665425,11.505152],[92.751059,11.609633],[92.660837,11.653625],[92.754118,11.701741],[92.790818,11.885959],[92.706713,11.973943],[92.781643,12.04818],[92.734238,12.083923],[92.755647,12.174657],[92.755647,12.177406]]],[[[92.865749,12.235146],[92.871865,12.302509],[92.832106,12.301134],[92.810698,12.313507],[92.740355,12.246144],[92.76941,12.182905],[92.855044,12.159535],[92.865749,12.235146]]],[[[92.873395,12.331379],[92.974321,12.543091],[92.955971,12.624202],[92.968204,12.739681],[92.923858,12.88403],[92.858103,12.901902],[92.911624,13.0545],[92.959029,13.016007],[93.033959,13.081995],[93.030901,13.178228],[93.064543,13.273086],[93.030901,13.344573],[93.043134,13.52879],[92.988084,13.574157],[92.933033,13.498545],[92.870336,13.472425],[92.841282,13.391315],[92.821402,13.112239],[92.78776,13.020131],[92.793877,12.862034],[92.729651,12.835914],[92.744943,12.723184],[92.71283,12.544466],[92.699067,12.328629],[92.718947,12.29976],[92.778585,12.313507],[92.809169,12.316257],[92.830577,12.302509],[92.873395,12.331379]]],[[[92.520152,10.89751],[92.377938,10.782031],[92.384054,10.670676],[92.432988,10.551072],[92.530856,10.520827],[92.596612,10.681674],[92.585907,10.78753],[92.520152,10.89751]]],[[[92.639429,11.510651],[92.585907,11.40067],[92.598141,11.347055],[92.689892,11.37455],[92.639429,11.510651]]],[[[93.836783,7.240663],[93.674689,7.191172],[93.645634,7.126559],[93.667043,7.023452],[93.717506,6.991833],[93.800082,6.766373],[93.878071,6.793868],[93.914771,6.949215],[93.868896,7.20492],[93.836783,7.240663]]],[[[93.700685,7.445502],[93.608934,7.312151],[93.636459,7.244788],[93.712919,7.312151],[93.743502,7.376764],[93.700685,7.445502]]],[[[92.792348,9.238182],[92.720476,9.218935],[92.728122,9.126826],[92.82599,9.140574],[92.792348,9.238182]]]]},"properties":{"name":"Andaman and Nicobar Islands"}},
{"type":"Feature","geometry":{"type":"MultiPolygon","coordinates":[[[[78.304822,28.438001],[78.278826,28.38851],[78.312468,28.274406],[78.47915,28.112185],[78.411866,28.083315],[78.339994,28.146553],[78.179429,28.076441],[78.031098,28.128682],[77.994397,28.077816],[77.91488,28.099812],[77.841479,28.178173],[77.732906,28.128682],[77.567754,28.087439],[77.476003,28.08469],[77.541758,27.989831],[77.529524,27.926593],[77.420952,27.855106],[77.344492,27.849607],[77.283325,27.798741],[77.352138,27.651642],[77.339905,27.526539],[77.437773,27.456427],[77.645742,27.241965],[77.657976,27.170478],[77.550933,27.111363],[77.661034,26.971138],[77.489765,26.901026],[77.398014,26.830914],[77.454594,26.742929],[77.524937,26.818541],[77.722202,26.874906],[77.760432,26.932645],[77.986751,26.888653],[78.110616,26.895527],[78.148845,26.949142],[78.27118,26.920273],[78.222246,26.832288],[78.358344,26.869407],[78.395044,26.817166],[78.544905,26.763551],[78.7804,26.76905],[78.872151,26.697562],[79.00672,26.671442],[78.989899,26.579333],[79.135171,26.440483],[79.13823,26.338751],[78.994486,26.197152],[79.011307,26.083047],[78.94861,26.028057],[78.937906,25.952445],[78.885914,25.912578],[78.763579,25.720112],[78.810984,25.619755],[78.717703,25.604633],[78.658065,25.559266],[78.451624,25.571638],[78.419511,25.531771],[78.416453,25.47678],[78.395044,25.443786],[78.355286,25.452035],[78.339994,25.432788],[78.339994,25.416291],[78.344581,25.328307],[78.390457,25.205954],[78.447037,25.122094],[78.373636,25.098723],[78.336935,25.084975],[78.335406,25.068478],[78.34611,25.012113],[78.171783,24.876013],[78.190133,24.841644],[78.275768,24.662926],[78.268122,24.449839],[78.369048,24.374227],[78.329289,24.327486],[78.388928,24.262872],[78.502088,24.390724],[78.586193,24.353606],[78.702411,24.227129],[78.806396,24.179012],[78.971548,24.348107],[78.991428,24.416845],[78.985311,24.44159],[78.914968,24.459462],[78.953198,24.547446],[78.882855,24.64093],[78.751345,24.599687],[78.7804,24.705543],[78.769695,24.859516],[78.676415,24.898009],[78.632069,24.957123],[78.639715,25.071228],[78.558668,25.212828],[78.512792,25.276066],[78.659594,25.383297],[78.774283,25.353053],[78.731466,25.457534],[78.884385,25.515274],[78.942494,25.491903],[78.879797,25.386047],[78.960844,25.344804],[78.870622,25.186707],[78.879797,25.157837],[78.93026,25.207329],[79.0633,25.222451],[79.130584,25.109721],[79.245273,25.113845],[79.323261,25.149589],[79.304911,25.179833],[79.292678,25.183958],[79.278915,25.243072],[79.263623,25.273317],[79.280444,25.324183],[79.352316,25.329682],[79.436421,25.25407],[79.390546,25.17021],[79.405838,25.106972],[79.491472,25.079476],[79.569461,25.171585],[79.673445,25.120719],[79.748376,25.139966],[79.840127,25.098723],[79.855419,25.193581],[80.032805,25.342055],[80.104676,25.350303],[80.220895,25.397045],[80.315704,25.388796],[80.311117,25.28569],[80.404397,25.243072],[80.430393,25.174334],[80.352405,25.123469],[80.291237,25.058855],[80.263712,25.024486],[80.341701,25.013488],[80.401339,25.069853],[80.477798,24.97637],[80.500736,25.040983],[80.592487,25.090474],[80.714822,25.065729],[80.723997,25.11797],[80.844803,25.186707],[80.878445,25.065729],[80.831041,25.032735],[80.860095,24.928253],[80.94573,24.966747],[81.034423,24.952999],[81.120057,24.903508],[81.159816,24.913131],[81.263801,25.053356],[81.277563,25.166086],[81.392253,25.131717],[81.499296,25.148214],[81.540584,25.188082],[81.626218,25.160587],[81.667506,25.061605],[81.7929,25.003865],[81.892297,24.988743],[81.94276,24.845768],[82.09415,24.816898],[82.216485,24.793528],[82.297532,24.606561],[82.418338,24.594188],[82.418338,24.651928],[82.523852,24.676673],[82.670654,24.697295],[82.707354,24.636806],[82.773109,24.642305],[82.797576,24.576316],[82.744055,24.496581],[82.713471,24.379726],[82.770051,24.370103],[82.744055,24.165265],[82.664537,24.128146],[82.812868,23.961801],[82.947437,23.871067],[83.09118,23.871067],[83.207398,23.921933],[83.329733,24.102026],[83.409251,24.266997],[83.380197,24.313738],[83.400076,24.497955],[83.502532,24.52545],[83.52394,24.550196],[83.530057,24.643679],[83.488769,24.735788],[83.395489,24.781155],[83.351142,25.009364],[83.349613,25.183958],[83.537703,25.30906],[83.649334,25.339305],[83.741085,25.410792],[83.779315,25.398419],[83.846599,25.434163],[83.930704,25.557891],[84.080565,25.636252],[84.074448,25.695366],[84.140203,25.73111],[84.205958,25.669246],[84.319118,25.667871],[84.335939,25.743483],[84.557671,25.680244],[84.600489,25.732485],[84.624956,25.791599],[84.472037,25.882333],[84.354289,25.959319],[84.29618,25.945572],[84.056098,26.099544],[84.086681,26.219148],[84.176904,26.264515],[84.157024,26.37587],[83.907766,26.447357],[83.915412,26.502347],[84.05151,26.551838],[84.112678,26.630199],[84.280888,26.599955],[84.418515,26.631574],[84.329822,26.683815],[84.25948,26.804793],[84.060685,26.887278],[84.049981,27.044],[83.964346,27.083868],[83.993401,27.174602],[83.907766,27.274959],[83.861891,27.335448],[83.831307,27.369817],[83.614162,27.4688],[83.395489,27.479798],[83.409251,27.413809],[83.343496,27.335448],[83.291504,27.335448],[83.189048,27.453677],[83.0346,27.448178],[82.929086,27.500419],[82.731821,27.486671],[82.75323,27.587028],[82.705825,27.703883],[82.664537,27.723129],[82.448921,27.679137],[82.20731,27.844107],[82.121675,27.866104],[82.069683,27.923843],[81.96111,27.923843],[81.884651,27.85648],[81.742437,27.952713],[81.477887,28.083315],[81.425895,28.171299],[81.320381,28.197419],[81.233217,28.289528],[81.213338,28.358266],[81.052773,28.405007],[80.714822,28.568603],[80.667418,28.64284],[80.552728,28.690956],[80.459448,28.624968],[80.314175,28.629092],[80.277475,28.711578],[80.119968,28.827057],[80.064918,28.83668],[80.029746,28.748696],[79.954816,28.722576],[79.820248,28.887546],[79.682621,28.854552],[79.584753,28.846303],[79.422659,28.897169],[79.407367,28.95216],[79.259036,28.992027],[79.142817,29.067639],[79.153522,29.115755],[79.035774,29.169371],[78.974607,29.130878],[78.927202,29.118505],[78.875209,29.205114],[78.76052,29.264229],[78.850742,29.348089],[78.925673,29.438823],[78.800279,29.464943],[78.616777,29.558426],[78.532671,29.639537],[78.511263,29.724772],[78.335406,29.797633],[78.203896,29.737144],[78.130495,29.65191],[78.020393,29.581797],[77.986751,29.528182],[78.02651,29.386582],[78.113674,29.25598],[78.124378,29.17212],[78.072386,29.082761],[78.076973,28.976905],[78.12132,28.877923],[78.132024,28.78169],[78.210013,28.626343],[78.210013,28.528735],[78.304822,28.438001]]],[[[77.5754,30.401151],[77.579987,30.379155],[77.583046,30.307667],[77.456123,30.163318],[77.226745,29.939233],[77.173223,29.804507],[77.119702,29.755016],[77.151815,29.687653],[77.223687,29.695902],[77.336847,29.643661],[77.439302,29.669781],[77.486707,29.634038],[77.740552,29.609292],[77.82007,29.673906],[77.716085,29.885618],[77.80172,30.095955],[77.859829,30.113827],[77.959226,30.241679],[77.722202,30.329663],[77.657976,30.401151],[77.5754,30.401151]]],[[[78.76052,29.264229],[78.850742,29.348089],[78.925673,29.438823],[78.800279,29.464943],[78.616777,29.558426],[78.532671,29.639537],[78.511263,29.724772],[78.335406,29.797633],[78.203896,29.737144],[78.130495,29.65191],[78.020393,29.581797],[77.927113,29.713773],[77.82007,29.673906],[77.716085,29.885618],[77.80172,30.095955],[77.859829,30.113827],[77.959226,30.241679],[77.722202,30.329663],[77.657976,30.401151],[77.5754,30.401151],[77.579987,30.379155],[77.583046,30.307667],[77.456123,30.163318],[77.226745,29.939233],[77.173223,29.804507],[77.119702,29.755016],[77.151815,29.687653],[77.105939,29.632663],[77.131935,29.484189],[77.127348,29.349464],[77.154873,29.297223],[77.14264,29.166621],[77.167107,29.03327],[77.232862,28.919165],[77.216041,28.853177],[77.222157,28.831181],[77.208395,28.791313],[77.228274,28.769317],[77.298617,28.708828],[77.316967,28.641465],[77.341434,28.609846],[77.297088,28.567228],[77.347551,28.520487],[77.505057,28.370638],[77.50047,28.205668],[77.476003,28.08469],[77.541758,27.989831],[77.529524,27.926593],[77.420952,27.855106],[77.344492,27.849607],[77.283325,27.798741],[77.352138,27.651642],[77.339905,27.526539],[77.437773,27.456427],[77.645742,27.241965],[77.657976,27.170478],[77.550933,27.111363],[77.661034,26.971138],[77.489765,26.901026],[77.398014,26.830914],[77.454594,26.742929],[77.524937,26.818541],[77.722202,26.874906],[77.760432,26.932645],[77.986751,26.888653],[78.110616,26.895527],[78.148845,26.949142],[78.27118,26.920273],[78.222246,26.832288],[78.358344,26.869407],[78.395044,26.817166],[78.544905,26.763551],[78.7804,26.76905],[78.872151,26.697562],[79.00672,26.671442],[78.989899,26.579333],[79.135171,26.440483],[79.13823,26.338751],[78.994486,26.197152],[79.011307,26.083047],[78.94861,26.028057],[78.937906,25.952445],[78.885914,25.912578],[78.763579,25.720112],[78.810984,25.619755],[78.717703,25.604633],[78.658065,25.559266],[78.451624,25.571638],[78.419511,25.531771],[78.416453,25.47678],[78.395044,25.443786],[78.355286,25.452035],[78.339994,25.432788],[78.339994,25.416291],[78.344581,25.328307],[78.390457,25.205954],[78.447037,25.122094],[78.373636,25.098723],[78.336935,25.084975],[78.335406,25.068478],[78.34611,25.012113],[78.171783,24.876013],[78.190133,24.841644],[78.275768,24.662926],[78.268122,24.449839],[78.369048,24.374227],[78.329289,24.327486],[78.388928,24.262872],[78.502088,24.390724],[78.586193,24.353606],[78.702411,24.227129],[78.806396,24.179012],[78.971548,24.348107],[78.991428,24.416845],[78.985311,24.44159],[78.914968,24.459462],[78.953198,24.547446],[78.882855,24.64093],[78.751345,24.599687],[78.7804,24.705543],[78.769695,24.859516],[78.676415,24.898009],[78.632069,24.957123],[78.639715,25.071228],[78.558668,25.212828],[78.512792,25.276066],[78.659594,25.383297],[78.774283,25.353053],[78.731466,25.457534],[78.884385,25.515274],[78.942494,25.491903],[78.879797,25.386047],[78.960844,25.344804],[78.870622,25.186707],[78.879797,25.157837],[78.93026,25.207329],[79.0633,25.222451],[79.130584,25.109721],[79.245273,25.113845],[79.323261,25.149589],[79.304911,25.179833],[79.292678,25.183958],[79.278915,25.243072],[79.263623,25.273317],[79.280444,25.324183],[79.352316,25.329682],[79.436421,25.25407],[79.390546,25.17021],[79.405838,25.106972],[79.491472,25.079476],[79.569461,25.171585],[79.673445,25.120719],[79.748376,25.139966],[79.840127,25.098723],[79.855419,25.193581],[80.032805,25.342055],[80.104676,25.350303],[80.220895,25.397045],[80.315704,25.388796],[80.311117,25.28569],[80.404397,25.243072],[80.430393,25.174334],[80.352405,25.123469],[80.291237,25.058855],[80.263712,25.024486],[80.341701,25.013488],[80.401339,25.069853],[80.477798,24.97637],[80.500736,25.040983],[80.592487,25.090474],[80.714822,25.065729],[80.723997,25.11797],[80.844803,25.186707],[80.878445,25.065729],[80.831041,25.032735],[80.860095,24.928253],[80.94573,24.966747],[81.034423,24.952999],[81.120057,24.903508],[81.159816,24.913131],[81.263801,25.053356],[81.277563,25.166086],[81.392253,25.131717],[81.499296,25.148214],[81.540584,25.188082],[81.626218,25.160587],[81.667506,25.061605],[81.7929,25.003865],[81.892297,24.988743],[81.94276,24.845768],[82.09415,24.816898],[82.216485,24.793528],[82.297532,24.606561],[82.418338,24.594188],[82.418338,24.651928],[82.523852,24.676673],[82.670654,24.697295],[82.707354,24.636806],[82.773109,24.642305],[82.797576,24.576316],[82.744055,24.496581],[82.713471,24.379726],[82.770051,24.370103],[82.744055,24.165265],[82.664537,24.128146],[82.812868,23.961801],[82.947437,23.871067],[83.09118,23.871067],[83.207398,23.921933],[83.329733,24.102026],[83.409251,24.266997],[83.380197,24.313738],[83.400076,24.497955],[83.502532,24.52545],[83.52394,24.550196],[83.530057,24.643679],[83.488769,24.735788],[83.395489,24.781155],[83.351142,25.009364],[83.349613,25.183958],[83.537703,25.30906],[83.649334,25.339305],[83.741085,25.410792],[83.779315,25.398419],[83.846599,25.434163],[83.930704,25.557891],[84.080565,25.636252],[84.074448,25.695366],[84.140203,25.73111],[84.205958,25.669246],[84.319118,25.667871],[84.335939,25.743483],[84.557671,25.680244],[84.600489,25.732485],[84.624956,25.791599],[84.472037,25.882333],[84.354289,25.959319],[84.29618,25.945572],[84.056098,26.099544],[84.086681,26.219148],[84.176904,26.264515],[84.157024,26.37587],[83.907766,26.447357],[83.915412,26.502347],[84.05151,26.551838],[84.112678,26.630199],[84.280888,26.599955],[84.418515,26.631574],[84.329822,26.683815],[84.25948,26.804793],[84.060685,26.887278],[84.049981,27.044],[83.964346,27.083868],[83.993401,27.174602],[83.907766,27.274959],[83.861891,27.335448],[83.831307,27.369817],[83.614162,27.4688],[83.395489,27.479798],[83.409251,27.413809],[83.343496,27.335448],[83.291504,27.335448],[83.189048,27.453677],[83.0346,27.448178],[82.929086,27.500419],[82.731821,27.486671],[82.75323,27.587028],[82.705825,27.703883],[82.664537,27.723129],[82.448921,27.679137],[82.20731,27.844107],[82.121675,27.866104],[82.069683,27.923843],[81.96111,27.923843],[81.884651,27.85648],[81.742437,27.952713],[81.477887,28.083315],[81.425895,28.171299],[81.320381,28.197419],[81.233217,28.289528],[81.213338,28.358266],[81.052773,28.405007],[80.714822,28.568603],[80.667418,28.64284],[80.552728,28.690956],[80.459448,28.624968],[80.314175,28.629092],[80.277475,28.711578],[80.119968,28.827057],[80.064918,28.83668],[80.029746,28.748696],[79.954816,28.722576],[79.820248,28.887546],[79.682621,28.854552],[79.584753,28.846303],[79.422659,28.897169],[79.407367,28.95216],[79.259036,28.992027],[79.142817,29.067639],[79.153522,29.115755],[79.035774,29.169371],[78.974607,29.130878],[78.927202,29.118505],[78.875209,29.205114],[78.76052,29.264229]]]]},"properties":{"name":"Uttar Pradesh"}},
{"type":"Feature","geometry":{"type":"MultiPolygon","coordinates":[[[[75.474296,28.926039],[75.527817,28.971406],[75.442183,29.058016],[75.39172,29.06214],[75.405482,29.260105],[75.345844,29.283475],[75.24033,29.260105],[75.081295,29.228485],[75.050711,29.286225],[74.960489,29.280726],[74.937551,29.361836],[74.850387,29.403079],[74.78769,29.361836],[74.602659,29.364586],[74.584309,29.458069],[74.622538,29.530931],[74.575133,29.563925],[74.616421,29.752267],[74.480324,29.745393],[74.484911,29.814131],[74.561371,29.869121],[74.526199,29.940608],[74.448211,29.947482],[74.29835,29.954355],[73.894645,29.973602],[73.90382,30.050588],[73.975692,30.119326],[73.968046,30.193563],[73.805952,30.067085],[73.596453,30.018969],[73.397659,29.946107],[73.28297,29.572174],[73.084175,29.235359],[73.004658,29.152874],[72.945019,29.027771],[72.732462,28.948035],[72.662119,28.893045],[72.403687,28.783065],[72.299702,28.66896],[72.206421,28.394009],[72.131491,28.312899],[71.995394,28.208417],[71.928109,28.121808],[71.880704,27.91422],[71.874588,27.955463],[71.666618,27.878476],[71.382189,27.872977],[71.204803,27.835859],[70.906612,27.709382],[70.758281,27.721754],[70.68335,27.82761],[70.677234,27.921094],[70.588541,28.010453],[70.507494,28.036573],[70.371396,28.011828],[70.226123,27.900472],[70.132843,27.805614],[70.0258,27.562283],[69.934048,27.497669],[69.863706,27.402811],[69.586923,27.184225],[69.513522,27.009632],[69.484467,26.804793],[69.510463,26.742929],[69.719962,26.654945],[69.791834,26.59858],[69.886644,26.579333],[70.056383,26.599955],[70.174131,26.551838],[70.184835,26.374495],[70.174131,26.250767],[70.140489,26.155909],[70.083909,26.083047],[70.099201,25.938698],[70.268941,25.713238],[70.386688,25.67337],[70.530432,25.682994],[70.60842,25.714613],[70.674175,25.67612],[70.665,25.397045],[70.750635,25.277441],[70.888262,25.148214],[70.937196,24.939251],[71.111523,24.675299],[71.187982,24.650553],[71.28738,24.616184],[71.377602,24.625807],[71.478528,24.679423],[71.608509,24.676673],[71.655914,24.639555],[71.792012,24.676673],[71.918934,24.672549],[72.05809,24.712417],[72.165133,24.621683],[72.334873,24.632681],[72.353224,24.563944],[72.500026,24.416845],[72.519905,24.500705],[72.683528,24.463586],[72.727875,24.367354],[72.958782,24.36048],[73.001599,24.480084],[73.087234,24.497955],[73.076529,24.396223],[73.15146,24.354981],[73.067354,24.194135],[73.125463,24.125397],[73.214156,24.07728],[73.243211,24.001669],[73.316612,24.05391],[73.405305,24.041537],[73.416009,23.924683],[73.377779,23.904061],[73.368604,23.814702],[73.474118,23.704722],[73.523052,23.607114],[73.571986,23.653856],[73.656092,23.620862],[73.627037,23.449018],[73.755489,23.454517],[73.830419,23.425647],[73.891586,23.334913],[73.958871,23.38028],[73.981809,23.337663],[74.139315,23.266175],[74.127081,23.175442],[74.247887,23.18369],[74.319759,23.059962],[74.385514,23.112203],[74.50632,23.084708],[74.734169,23.220808],[74.529258,23.321166],[74.572075,23.420148],[74.772399,23.542501],[74.847329,23.552124],[74.922259,23.666229],[74.940609,23.765211],[74.90238,23.873817],[74.974251,24.040162],[74.879442,24.173513],[74.908496,24.212006],[74.867208,24.243626],[74.754048,24.242251],[74.781574,24.338484],[74.854975,24.423719],[74.815216,24.469085],[74.697468,24.482833],[74.786161,24.58594],[74.772399,24.661551],[74.804512,24.735788],[74.888617,24.634056],[74.992602,24.69317],[74.97731,24.764658],[74.861091,24.799027],[74.82592,24.899384],[74.90238,24.929628],[74.95896,24.858141],[75.038477,24.845768],[75.116466,24.877388],[75.113407,24.966747],[75.191396,25.036859],[75.351961,25.018987],[75.336669,24.952999],[75.18375,24.748161],[75.455946,24.680798],[75.549226,24.702794],[75.608864,24.682172],[75.784721,24.761908],[75.82448,24.66705],[75.920819,24.543322],[75.900939,24.442965],[75.78625,24.452588],[75.728141,24.396223],[75.813775,24.245],[75.751079,24.143269],[75.836713,24.056659],[75.702145,23.965925],[75.521701,24.02504],[75.462062,23.917809],[75.564518,23.855945],[75.582868,23.795456],[75.689911,23.747339],[75.793896,23.866943],[75.93764,23.897188],[76.041624,24.066282],[76.127259,24.088278],[76.118084,24.194135],[76.212894,24.209257],[76.321466,24.245],[76.504968,24.203758],[76.570723,24.209257],[76.644124,24.269746],[76.676237,24.191385],[76.801631,24.117148],[76.881149,24.130896],[76.922437,24.212006],[76.862798,24.272496],[76.832215,24.35773],[76.844448,24.436091],[76.816923,24.533699],[76.861269,24.548821],[76.977487,24.460837],[77.069239,24.55707],[77.034067,24.708293],[76.946904,24.759159],[76.855152,24.744036],[76.804689,24.807275],[76.949962,24.869139],[76.861269,24.961248],[76.876561,25.040983],[77.000425,25.075352],[77.08606,25.054731],[77.174753,25.111096],[77.269562,25.11522],[77.31238,25.080851],[77.393426,25.119344],[77.411777,25.223826],[77.36743,25.410792],[77.313909,25.431414],[77.234391,25.379173],[77.223687,25.318684],[77.083001,25.336555],[76.945374,25.284315],[76.856682,25.332431],[76.761872,25.320058],[76.670121,25.348928],[76.593661,25.408043],[76.515673,25.527646],[76.503439,25.670621],[76.546256,25.838341],[76.642595,25.908453],[76.715996,25.90158],[76.787868,25.944197],[76.852094,26.032181],[76.901028,26.09267],[76.998896,26.129789],[77.119702,26.213649],[77.271091,26.267264],[77.375076,26.364872],[77.437773,26.403365],[77.538699,26.411613],[77.74514,26.538091],[77.823128,26.550464],[77.904175,26.659069],[78.000514,26.694813],[78.089207,26.675566],[78.112145,26.79517],[78.222246,26.832288],[78.27118,26.920273],[78.148845,26.949142],[78.110616,26.895527],[77.986751,26.888653],[77.760432,26.932645],[77.722202,26.874906],[77.524937,26.818541],[77.454594,26.742929],[77.347551,26.71131],[77.2925,26.780048],[77.096764,26.862533],[77.024892,26.940894],[77.01113,27.042626],[76.956079,27.142983],[76.867386,27.229592],[76.823039,27.131985],[76.680825,27.114113],[76.645654,27.163604],[76.552373,27.171853],[76.454505,27.07562],[76.280178,27.064622],[76.264886,27.184225],[76.176193,27.184225],[76.116555,27.233717],[76.167018,27.309328],[76.237361,27.474299],[76.193014,27.614524],[76.243477,27.629646],[76.225127,27.833109],[76.176193,27.798741],[76.076796,27.841358],[75.971282,27.852356],[75.933052,27.927968],[75.972811,27.932092],[76.007982,28.058569],[75.998807,28.123183],[76.055387,28.22079],[75.893293,28.389885],[75.670032,28.519112],[75.622627,28.601597],[75.56146,28.612595],[75.520171,28.833931],[75.474296,28.926039]]],[[[75.933052,27.927968],[75.972811,27.932092],[76.007982,28.058569],[75.998807,28.123183],[76.055387,28.22079],[75.893293,28.389885],[75.670032,28.519112],[75.622627,28.601597],[75.56146,28.612595],[75.520171,28.833931],[75.474296,28.926039],[75.527817,28.971406],[75.442183,29.058016],[75.39172,29.06214],[75.405482,29.260105],[75.345844,29.283475],[75.24033,29.260105],[75.081295,29.228485],[75.050711,29.286225],[74.960489,29.280726],[74.937551,29.361836],[74.850387,29.403079],[74.78769,29.361836],[74.602659,29.364586],[74.584309,29.458069],[74.622538,29.530931],[74.575133,29.563925],[74.616421,29.752267],[74.480324,29.745393],[74.484911,29.814131],[74.561371,29.869121],[74.526199,29.940608],[74.448211,29.947482],[74.29835,29.954355],[73.894645,29.973602],[73.90382,30.050588],[73.975692,30.119326],[73.968046,30.193563],[73.805952,30.067085],[73.596453,30.018969],[73.397659,29.946107],[73.28297,29.572174],[73.084175,29.235359],[73.004658,29.152874],[72.945019,29.027771],[72.732462,28.948035],[72.662119,28.893045],[72.403687,28.783065],[72.299702,28.66896],[72.206421,28.394009],[72.131491,28.312899],[71.995394,28.208417],[71.928109,28.121808],[71.880704,27.91422],[71.874588,27.955463],[71.666618,27.878476],[71.382189,27.872977],[71.204803,27.835859],[70.906612,27.709382],[70.758281,27.721754],[70.68335,27.82761],[70.677234,27.921094],[70.588541,28.010453],[70.507494,28.036573],[70.371396,28.011828],[70.226123,27.900472],[70.132843,27.805614],[70.0258,27.562283],[69.934048,27.497669],[69.863706,27.402811],[69.586923,27.184225],[69.513522,27.009632],[69.484467,26.804793],[69.510463,26.742929],[69.719962,26.654945],[69.791834,26.59858],[69.886644,26.579333],[70.056383,26.599955],[70.174131,26.551838],[70.184835,26.374495],[70.174131,26.250767],[70.140489,26.155909],[70.083909,26.083047],[70.099201,25.938698],[70.268941,25.713238],[70.386688,25.67337],[70.530432,25.682994],[70.60842,25.714613],[70.674175,25.67612],[70.665,25.397045],[70.750635,25.277441],[70.888262,25.148214],[70.937196,24.939251],[71.111523,24.675299],[71.187982,24.650553],[71.28738,24.616184],[71.377602,24.625807],[71.478528,24.679423],[71.608509,24.676673],[71.655914,24.639555],[71.792012,24.676673],[71.918934,24.672549],[72.05809,24.712417],[72.165133,24.621683],[72.334873,24.632681],[72.353224,24.563944],[72.500026,24.416845],[72.519905,24.500705],[72.683528,24.463586],[72.727875,24.367354],[72.958782,24.36048],[73.001599,24.480084],[73.087234,24.497955],[73.076529,24.396223],[73.15146,24.354981],[73.067354,24.194135],[73.125463,24.125397],[73.214156,24.07728],[73.243211,24.001669],[73.316612,24.05391],[73.405305,24.041537],[73.416009,23.924683],[73.377779,23.904061],[73.368604,23.814702],[73.474118,23.704722],[73.523052,23.607114],[73.571986,23.653856],[73.656092,23.620862],[73.627037,23.449018],[73.755489,23.454517],[73.830419,23.425647],[73.891586,23.334913],[73.958871,23.38028],[73.981809,23.337663],[74.139315,23.266175],[74.127081,23.175442],[74.247887,23.18369],[74.319759,23.059962],[74.385514,23.112203],[74.50632,23.084708],[74.734169,23.220808],[74.529258,23.321166],[74.572075,23.420148],[74.772399,23.542501],[74.847329,23.552124],[74.922259,23.666229],[74.940609,23.765211],[74.90238,23.873817],[74.974251,24.040162],[74.879442,24.173513],[74.908496,24.212006],[74.867208,24.243626],[74.754048,24.242251],[74.781574,24.338484],[74.854975,24.423719],[74.815216,24.469085],[74.697468,24.482833],[74.786161,24.58594],[74.772399,24.661551],[74.804512,24.735788],[74.888617,24.634056],[74.992602,24.69317],[74.97731,24.764658],[74.861091,24.799027],[74.82592,24.899384],[74.90238,24.929628],[74.95896,24.858141],[75.038477,24.845768],[75.116466,24.877388],[75.113407,24.966747],[75.191396,25.036859],[75.351961,25.018987],[75.336669,24.952999],[75.18375,24.748161],[75.455946,24.680798],[75.549226,24.702794],[75.608864,24.682172],[75.784721,24.761908],[75.82448,24.66705],[75.920819,24.543322],[75.900939,24.442965],[75.78625,24.452588],[75.728141,24.396223],[75.813775,24.245],[75.751079,24.143269],[75.836713,24.056659],[75.702145,23.965925],[75.521701,24.02504],[75.462062,23.917809],[75.564518,23.855945],[75.582868,23.795456],[75.689911,23.747339],[75.793896,23.866943],[75.93764,23.897188],[76.041624,24.066282],[76.127259,24.088278],[76.118084,24.194135],[76.212894,24.209257],[76.321466,24.245],[76.504968,24.203758],[76.570723,24.209257],[76.644124,24.269746],[76.676237,24.191385],[76.801631,24.117148],[76.881149,24.130896],[76.922437,24.212006],[76.862798,24.272496],[76.832215,24.35773],[76.844448,24.436091],[76.816923,24.533699],[76.861269,24.548821],[76.977487,24.460837],[77.069239,24.55707],[77.034067,24.708293],[76.946904,24.759159],[76.855152,24.744036],[76.804689,24.807275],[76.949962,24.869139],[76.861269,24.961248],[76.876561,25.040983],[77.000425,25.075352],[77.08606,25.054731],[77.174753,25.111096],[77.269562,25.11522],[77.31238,25.080851],[77.393426,25.119344],[77.411777,25.223826],[77.36743,25.410792],[77.313909,25.431414],[77.234391,25.379173],[77.223687,25.318684],[77.083001,25.336555],[76.945374,25.284315],[76.856682,25.332431],[76.761872,25.320058],[76.670121,25.348928],[76.593661,25.408043],[76.515673,25.527646],[76.503439,25.670621],[76.546256,25.838341],[76.642595,25.908453],[76.715996,25.90158],[76.787868,25.944197],[76.852094,26.032181],[76.901028,26.09267],[76.998896,26.129789],[77.119702,26.213649],[77.271091,26.267264],[77.375076,26.364872],[77.437773,26.403365],[77.538699,26.411613],[77.74514,26.538091],[77.823128,26.550464],[77.904175,26.659069],[78.000514,26.694813],[78.089207,26.675566],[78.112145,26.79517],[78.222246,26.832288],[78.27118,26.920273],[78.148845,26.949142],[78.110616,26.895527],[77.986751,26.888653],[77.760432,26.932645],[77.722202,26.874906],[77.524937,26.818541],[77.454594,26.742929],[77.398014,26.830914],[77.489765,26.901026],[77.661034,26.971138],[77.550933,27.111363],[77.657976,27.170478],[77.645742,27.241965],[77.437773,27.456427],[77.339905,27.526539],[77.352138,27.651642],[77.283325,27.798741],[77.044772,27.820737],[76.977487,27.654391],[76.891853,27.732752],[76.942316,27.842733],[76.930083,27.993956],[76.969841,28.138305],[76.853623,28.22079],[76.795514,28.147928],[76.686942,28.087439],[76.668591,28.013202],[76.538611,27.974709],[76.543198,28.033824],[76.312291,28.178173],[76.359696,28.124557],[76.318407,28.015952],[76.260298,28.066818],[76.159372,27.99808],[76.168547,27.903222],[76.225127,27.833109],[76.176193,27.798741],[76.076796,27.841358],[75.971282,27.852356],[75.933052,27.927968]]]]},"properties":{"name":"Rajasthan"}},
{"type":"Feature","geometry":{"type":"MultiPolygon","coordinates":[[[[78.12132,28.877923],[78.076973,28.976905],[78.072386,29.082761],[78.124378,29.17212],[78.113674,29.25598],[78.02651,29.386582],[77.986751,29.528182],[78.020393,29.581797],[77.927113,29.713773],[77.82007,29.673906],[77.740552,29.609292],[77.486707,29.634038],[77.439302,29.669781],[77.336847,29.643661],[77.223687,29.695902],[77.151815,29.687653],[77.119702,29.755016],[77.173223,29.804507],[77.226745,29.939233],[77.119702,29.991474],[77.096764,29.950231],[76.983604,29.95848],[76.881149,29.880119],[76.833744,29.902115],[76.729759,29.870495],[76.683883,29.67803],[76.54014,29.613416],[76.503439,29.515809],[76.373458,29.528182],[76.35052,29.580422],[76.23889,29.592795],[76.168547,29.689028],[76.214423,29.840251],[76.098204,29.810006],[76.04927,29.746768],[75.946815,29.728896],[75.963636,29.56255],[76.014099,29.48144],[76.131847,29.390706],[76.191485,29.409953],[76.225127,29.218862],[76.300057,29.188617],[76.301586,29.086885],[76.228185,28.990653],[76.189956,29.051142],[75.968223,29.063515],[75.832126,28.910917],[75.682265,28.910917],[75.630273,28.97828],[75.527817,28.971406],[75.474296,28.926039],[75.520171,28.833931],[75.56146,28.612595],[75.622627,28.601597],[75.670032,28.519112],[75.893293,28.389885],[76.055387,28.22079],[75.998807,28.123183],[76.007982,28.058569],[75.972811,27.932092],[75.933052,27.927968],[75.971282,27.852356],[76.076796,27.841358],[76.176193,27.798741],[76.225127,27.833109],[76.243477,27.629646],[76.193014,27.614524],[76.237361,27.474299],[76.167018,27.309328],[76.116555,27.233717],[76.176193,27.184225],[76.264886,27.184225],[76.280178,27.064622],[76.454505,27.07562],[76.552373,27.171853],[76.645654,27.163604],[76.680825,27.114113],[76.823039,27.131985],[76.867386,27.229592],[76.956079,27.142983],[77.01113,27.042626],[77.024892,26.940894],[77.096764,26.862533],[77.2925,26.780048],[77.347551,26.71131],[77.454594,26.742929],[77.398014,26.830914],[77.489765,26.901026],[77.661034,26.971138],[77.550933,27.111363],[77.657976,27.170478],[77.645742,27.241965],[77.437773,27.456427],[77.339905,27.526539],[77.352138,27.651642],[77.283325,27.798741],[77.344492,27.849607],[77.420952,27.855106],[77.529524,27.926593],[77.541758,27.989831],[77.476003,28.08469],[77.567754,28.087439],[77.732906,28.128682],[77.841479,28.178173],[77.91488,28.099812],[77.994397,28.077816],[78.031098,28.128682],[78.179429,28.076441],[78.339994,28.146553],[78.411866,28.083315],[78.47915,28.112185],[78.312468,28.274406],[78.278826,28.38851],[78.304822,28.438001],[78.210013,28.528735],[78.210013,28.626343],[78.132024,28.78169],[78.12132,28.877923]]],[[[77.341434,28.609846],[77.316967,28.641465],[77.298617,28.708828],[77.228274,28.769317],[77.208395,28.791313],[77.222157,28.831181],[77.216041,28.853177],[77.121231,28.858676],[76.968312,28.811935],[76.942316,28.798187],[76.971371,28.69783],[76.95302,28.667585],[76.888795,28.631842],[76.845977,28.550731],[76.884207,28.502615],[77.006542,28.541108],[77.096764,28.509489],[77.119702,28.488867],[77.174753,28.405007],[77.25427,28.483368],[77.347551,28.520487],[77.297088,28.567228],[77.341434,28.609846]]]]},"properties":{"name":"Delhi-NCR"}},
{"type":"Feature","geometry":{"type":"MultiPolygon","coordinates":[[[[88.114562,27.618648],[88.044219,27.478423],[88.038103,27.219969],[88.096212,27.133359],[88.154321,27.109989],[88.281244,27.131985],[88.424987,27.071496],[88.53203,27.175977],[88.597785,27.18835],[88.72165,27.138858],[88.791992,27.1856],[88.802697,27.247464],[88.903623,27.27221],[88.918915,27.320326],[88.793521,27.416559],[88.764467,27.565032],[88.848572,27.668139],[88.856218,27.816612],[88.888331,27.85648],[88.836339,27.929342],[88.843985,27.992581],[88.756821,28.076441],[88.619194,28.098437],[88.49533,28.054445],[88.467804,28.017327],[88.204784,27.941715],[88.197138,27.789117],[88.114562,27.618648]]],[[[88.281244,27.131985],[88.424987,27.071496],[88.53203,27.175977],[88.597785,27.18835],[88.72165,27.138858],[88.791992,27.1856],[88.802697,27.247464],[88.903623,27.27221],[88.918915,27.320326],[88.793521,27.416559],[88.764467,27.565032],[88.848572,27.668139],[88.856218,27.816612],[88.888331,27.85648],[88.836339,27.929342],[88.843985,27.992581],[88.756821,28.076441],[88.619194,28.098437],[88.49533,28.054445],[88.467804,28.017327],[88.204784,27.941715],[88.197138,27.789117],[88.114562,27.618648],[88.044219,27.478423],[88.038103,27.219969],[88.096212,27.133359],[88.154321,27.109989],[88.281244,27.131985]]]]},"properties":{"name":"Sikkim"}},
{"type":"Feature","geometry":{"type":"MultiPolygon","coordinates":[[[[84.418515,26.631574],[84.280888,26.599955],[84.112678,26.630199],[84.05151,26.551838],[83.915412,26.502347],[83.907766,26.447357],[84.157024,26.37587],[84.176904,26.264515],[84.086681,26.219148],[84.056098,26.099544],[84.29618,25.945572],[84.354289,25.959319],[84.472037,25.882333],[84.624956,25.791599],[84.600489,25.732485],[84.557671,25.680244],[84.335939,25.743483],[84.319118,25.667871],[84.205958,25.669246],[84.140203,25.73111],[84.074448,25.695366],[84.080565,25.636252],[83.930704,25.557891],[83.846599,25.434163],[83.779315,25.398419],[83.741085,25.410792],[83.649334,25.339305],[83.537703,25.30906],[83.349613,25.183958],[83.351142,25.009364],[83.395489,24.781155],[83.488769,24.735788],[83.530057,24.643679],[83.52394,24.550196],[83.502532,24.52545],[83.718147,24.503454],[83.872595,24.532324],[83.936821,24.548821],[84.008693,24.642305],[84.092798,24.533699],[84.256421,24.526825],[84.326764,24.489707],[84.342056,24.393474],[84.459803,24.337109],[84.496504,24.287618],[84.585197,24.400348],[84.802341,24.530949],[84.887976,24.463586],[84.903268,24.372853],[85.028661,24.41547],[85.088299,24.370103],[85.288623,24.522701],[85.33144,24.510328],[85.374258,24.55432],[85.542468,24.532324],[85.677037,24.591439],[85.666332,24.661551],[85.738204,24.819648],[85.901827,24.766032],[85.932411,24.738537],[86.054746,24.77978],[86.128147,24.698669],[86.132735,24.603811],[86.300945,24.561194],[86.276478,24.466336],[86.349879,24.447089],[86.452335,24.372853],[86.49974,24.510328],[86.61137,24.607936],[86.652659,24.570817],[86.753585,24.617559],[86.91262,24.547446],[86.952379,24.631306],[87.051777,24.627182],[87.109886,24.851267],[87.157291,24.881512],[87.145057,25.018987],[87.175641,25.05748],[87.294917,25.0891],[87.32703,25.223826],[87.47842,25.194956],[87.551821,25.331056],[87.692506,25.31181],[87.710857,25.258194],[87.762849,25.265068],[87.8179,25.241697],[87.846954,25.298062],[87.784258,25.34068],[87.767436,25.416291],[87.866834,25.497402],[87.960114,25.538644],[88.067157,25.483654],[88.021282,25.596384],[88.050336,25.700865],[87.96776,25.725611],[87.89283,25.865836],[87.827075,25.890582],[87.822487,25.935948],[87.846954,25.992313],[87.840837,25.996438],[87.853071,26.029432],[87.850013,26.039055],[87.975406,26.143536],[88.073274,26.175156],[88.146675,26.250767],[88.279714,26.330503],[88.239955,26.458355],[88.109975,26.547714],[88.09927,26.455606],[88.033515,26.392367],[87.848483,26.436359],[87.658864,26.379994],[87.588521,26.381369],[87.463128,26.440483],[87.368318,26.407489],[87.161878,26.40474],[87.091535,26.450107],[87.042601,26.560087],[86.846865,26.441858],[86.723001,26.425361],[86.570082,26.496848],[86.542557,26.538091],[86.340704,26.606829],[86.190844,26.615077],[86.02875,26.665943],[85.959936,26.650821],[85.85901,26.568335],[85.816193,26.599955],[85.722912,26.674192],[85.729029,26.808917],[85.643395,26.85291],[85.543997,26.837787],[85.334499,26.741554],[85.254981,26.753927],[85.178522,26.797919],[85.192284,26.869407],[85.03019,26.874906],[84.961377,26.96014],[84.82375,27.02063],[84.757995,27.002758],[84.641777,27.048125],[84.689181,27.221344],[84.620368,27.339573],[84.279359,27.394563],[84.25795,27.450928],[84.097386,27.516916],[84.016339,27.43718],[83.831307,27.427557],[83.861891,27.335448],[83.907766,27.274959],[83.993401,27.174602],[83.964346,27.083868],[84.049981,27.044],[84.060685,26.887278],[84.25948,26.804793],[84.329822,26.683815],[84.418515,26.631574]]],[[[84.418515,26.631574],[84.280888,26.599955],[84.112678,26.630199],[84.05151,26.551838],[83.915412,26.502347],[83.907766,26.447357],[84.157024,26.37587],[84.176904,26.264515],[84.086681,26.219148],[84.056098,26.099544],[84.29618,25.945572],[84.354289,25.959319],[84.472037,25.882333],[84.624956,25.791599],[84.600489,25.732485],[84.557671,25.680244],[84.335939,25.743483],[84.319118,25.667871],[84.205958,25.669246],[84.140203,25.73111],[84.074448,25.695366],[84.080565,25.636252],[83.930704,25.557891],[83.846599,25.434163],[83.779315,25.398419],[83.741085,25.410792],[83.649334,25.339305],[83.537703,25.30906],[83.349613,25.183958],[83.351142,25.009364],[83.395489,24.781155],[83.488769,24.735788],[83.530057,24.643679],[83.52394,24.550196],[83.502532,24.52545],[83.718147,24.503454],[83.872595,24.532324],[83.936821,24.548821],[84.008693,24.642305],[84.092798,24.533699],[84.256421,24.526825],[84.326764,24.489707],[84.342056,24.393474],[84.459803,24.337109],[84.496504,24.287618],[84.585197,24.400348],[84.802341,24.530949],[84.887976,24.463586],[84.903268,24.372853],[85.028661,24.41547],[85.088299,24.370103],[85.288623,24.522701],[85.33144,24.510328],[85.374258,24.55432],[85.542468,24.532324],[85.677037,24.591439],[85.666332,24.661551],[85.738204,24.819648],[85.901827,24.766032],[85.932411,24.738537],[86.054746,24.77978],[86.128147,24.698669],[86.132735,24.603811],[86.300945,24.561194],[86.276478,24.466336],[86.349879,24.447089],[86.452335,24.372853],[86.49974,24.510328],[86.61137,24.607936],[86.652659,24.570817],[86.753585,24.617559],[86.91262,24.547446],[86.952379,24.631306],[87.051777,24.627182],[87.109886,24.851267],[87.157291,24.881512],[87.145057,25.018987],[87.175641,25.05748],[87.294917,25.0891],[87.32703,25.223826],[87.47842,25.194956],[87.551821,25.331056],[87.692506,25.31181],[87.710857,25.258194],[87.762849,25.265068],[87.8179,25.241697],[87.846954,25.298062],[87.784258,25.34068],[87.767436,25.416291],[87.866834,25.497402],[87.960114,25.538644],[88.067157,25.483654],[88.021282,25.596384],[88.050336,25.700865],[87.96776,25.725611],[87.89283,25.865836],[87.827075,25.890582],[87.822487,25.935948],[87.846954,25.992313],[87.840837,25.996438],[87.853071,26.029432],[87.850013,26.039055],[87.975406,26.143536],[88.073274,26.175156],[88.146675,26.250767],[88.279714,26.330503],[88.239955,26.458355],[88.109975,26.547714],[88.09927,26.455606],[88.033515,26.392367],[87.848483,26.436359],[87.658864,26.379994],[87.588521,26.381369],[87.463128,26.440483],[87.368318,26.407489],[87.161878,26.40474],[87.091535,26.450107],[87.042601,26.560087],[86.846865,26.441858],[86.723001,26.425361],[86.570082,26.496848],[86.542557,26.538091],[86.340704,26.606829],[86.190844,26.615077],[86.02875,26.665943],[85.959936,26.650821],[85.85901,26.568335],[85.816193,26.599955],[85.722912,26.674192],[85.729029,26.808917],[85.643395,26.85291],[85.543997,26.837787],[85.334499,26.741554],[85.254981,26.753927],[85.178522,26.797919],[85.192284,26.869407],[85.03019,26.874906],[84.961377,26.96014],[84.82375,27.02063],[84.757995,27.002758],[84.641777,27.048125],[84.689181,27.221344],[84.620368,27.339573],[84.279359,27.394563],[84.25795,27.450928],[84.097386,27.516916],[84.016339,27.43718],[83.831307,27.427557],[83.861891,27.335448],[83.907766,27.274959],[83.993401,27.174602],[83.964346,27.083868],[84.049981,27.044],[84.060685,26.887278],[84.25948,26.804793],[84.329822,26.683815],[84.418515,26.631574]]]]},"properties":{"name":"Bihar"}},
{"type":"Feature","geometry":{"type":"MultiPolygon","coordinates":[[[[87.551821,25.331056],[87.47842,25.194956],[87.32703,25.223826],[87.294917,25.0891],[87.175641,25.05748],[87.145057,25.018987],[87.157291,24.881512],[87.109886,24.851267],[87.051777,24.627182],[86.952379,24.631306],[86.91262,24.547446],[86.753585,24.617559],[86.652659,24.570817],[86.61137,24.607936],[86.49974,24.510328],[86.452335,24.372853],[86.349879,24.447089],[86.276478,24.466336],[86.300945,24.561194],[86.132735,24.603811],[86.128147,24.698669],[86.054746,24.77978],[85.932411,24.738537],[85.901827,24.766032],[85.738204,24.819648],[85.666332,24.661551],[85.677037,24.591439],[85.542468,24.532324],[85.374258,24.55432],[85.33144,24.510328],[85.288623,24.522701],[85.088299,24.370103],[85.028661,24.41547],[84.903268,24.372853],[84.887976,24.463586],[84.802341,24.530949],[84.585197,24.400348],[84.496504,24.287618],[84.459803,24.337109],[84.342056,24.393474],[84.326764,24.489707],[84.256421,24.526825],[84.092798,24.533699],[84.008693,24.642305],[83.936821,24.548821],[83.872595,24.532324],[83.718147,24.503454],[83.502532,24.52545],[83.400076,24.497955],[83.380197,24.313738],[83.409251,24.266997],[83.329733,24.102026],[83.432189,24.085529],[83.514765,23.981048],[83.571345,23.862819],[83.705914,23.820201],[83.774727,23.609864],[83.93835,23.568621],[84.016339,23.63461],[84.01481,23.504008],[83.962817,23.385779],[84.074448,23.333538],[84.037747,23.171317],[84.063744,23.113578],[84.178433,22.980226],[84.374169,22.978852],[84.397107,22.927986],[84.323706,22.851],[84.293122,22.772639],[84.238071,22.691528],[84.152437,22.636538],[84.083623,22.637913],[84.010222,22.573299],[84.011751,22.527932],[84.111148,22.477066],[84.196783,22.378084],[84.291593,22.34234],[84.42922,22.351964],[84.534733,22.427575],[84.750349,22.419327],[84.809987,22.453696],[84.958318,22.445447],[85.069949,22.490814],[85.077595,22.257106],[85.028661,22.12238],[85.180051,22.072889],[85.23816,22.00965],[85.27486,22.082512],[85.397195,22.163622],[85.683154,22.057766],[85.748909,22.074263],[85.78408,21.984904],[85.89724,21.98353],[86.008871,22.115506],[86.031808,22.189743],[85.973699,22.247482],[86.02875,22.334092],[86.018046,22.4262],[85.962995,22.485315],[86.06698,22.556802],[86.118972,22.48669],[86.282595,22.448197],[86.359055,22.349214],[86.429397,22.31622],[86.496681,22.346465],[86.554791,22.298348],[86.727589,22.215863],[86.833103,22.325843],[86.845336,22.40008],[86.764289,22.4262],[86.80099,22.488064],[86.765818,22.576049],[86.658775,22.576049],[86.641954,22.657159],[86.559378,22.713524],[86.418693,22.79051],[86.435514,22.926611],[86.501269,22.993974],[86.241307,22.996724],[86.044042,23.145197],[85.885006,23.167193],[85.819251,23.268925],[85.883477,23.350035],[85.85901,23.429771],[85.885006,23.483387],[86.039454,23.498509],[86.082272,23.565872],[86.158731,23.558998],[86.177081,23.469639],[86.31012,23.411899],[86.365171,23.531503],[86.485977,23.635984],[86.712297,23.699223],[86.80099,23.699223],[86.826986,23.765211],[86.80099,23.833949],[86.915679,23.882065],[87.085419,23.811953],[87.129765,23.853195],[87.23375,23.855945],[87.294917,23.901312],[87.23375,24.02504],[87.336206,24.034663],[87.44019,23.982422],[87.631339,24.16389],[87.638985,24.254624],[87.706269,24.260123],[87.801079,24.382476],[87.793433,24.58319],[87.889771,24.565318],[87.908122,24.72204],[87.839308,24.745411],[87.891301,24.855391],[87.960114,24.92138],[87.953997,24.97362],[87.794962,25.087725],[87.77967,25.14409],[87.778141,25.249946],[87.710857,25.258194],[87.692506,25.31181],[87.551821,25.331056]]],[[[87.638985,24.254624],[87.706269,24.260123],[87.801079,24.382476],[87.793433,24.58319],[87.889771,24.565318],[87.908122,24.72204],[87.839308,24.745411],[87.891301,24.855391],[87.960114,24.92138],[87.953997,24.97362],[87.794962,25.087725],[87.77967,25.14409],[87.778141,25.249946],[87.710857,25.258194],[87.692506,25.31181],[87.551821,25.331056],[87.47842,25.194956],[87.32703,25.223826],[87.294917,25.0891],[87.175641,25.05748],[87.145057,25.018987],[87.157291,24.881512],[87.109886,24.851267],[87.051777,24.627182],[86.952379,24.631306],[86.91262,24.547446],[86.753585,24.617559],[86.652659,24.570817],[86.61137,24.607936],[86.49974,24.510328],[86.452335,24.372853],[86.349879,24.447089],[86.276478,24.466336],[86.300945,24.561194],[86.132735,24.603811],[86.128147,24.698669],[86.054746,24.77978],[85.932411,24.738537],[85.901827,24.766032],[85.738204,24.819648],[85.666332,24.661551],[85.677037,24.591439],[85.542468,24.532324],[85.374258,24.55432],[85.33144,24.510328],[85.288623,24.522701],[85.088299,24.370103],[85.028661,24.41547],[84.903268,24.372853],[84.887976,24.463586],[84.802341,24.530949],[84.585197,24.400348],[84.496504,24.287618],[84.459803,24.337109],[84.342056,24.393474],[84.326764,24.489707],[84.256421,24.526825],[84.092798,24.533699],[84.008693,24.642305],[83.936821,24.548821],[83.872595,24.532324],[83.718147,24.503454],[83.502532,24.52545],[83.400076,24.497955],[83.380197,24.313738],[83.409251,24.266997],[83.329733,24.102026],[83.432189,24.085529],[83.514765,23.981048],[83.571345,23.862819],[83.705914,23.820201],[83.774727,23.609864],[83.93835,23.568621],[84.016339,23.63461],[84.01481,23.504008],[83.962817,23.385779],[84.074448,23.333538],[84.037747,23.171317],[84.063744,23.113578],[84.178433,22.980226],[84.374169,22.978852],[84.397107,22.927986],[84.323706,22.851],[84.293122,22.772639],[84.238071,22.691528],[84.152437,22.636538],[84.083623,22.637913],[84.010222,22.573299],[84.011751,22.527932],[84.111148,22.477066],[84.196783,22.378084],[84.291593,22.34234],[84.42922,22.351964],[84.534733,22.427575],[84.750349,22.419327],[84.809987,22.453696],[84.958318,22.445447],[85.069949,22.490814],[85.077595,22.257106],[85.028661,22.12238],[85.180051,22.072889],[85.23816,22.00965],[85.27486,22.082512],[85.397195,22.163622],[85.683154,22.057766],[85.748909,22.074263],[85.78408,21.984904],[85.89724,21.98353],[86.008871,22.115506],[86.031808,22.189743],[85.973699,22.247482],[86.02875,22.334092],[86.018046,22.4262],[85.962995,22.485315],[86.06698,22.556802],[86.118972,22.48669],[86.282595,22.448197],[86.359055,22.349214],[86.429397,22.31622],[86.496681,22.346465],[86.554791,22.298348],[86.727589,22.215863],[86.833103,22.325843],[86.845336,22.40008],[86.764289,22.4262],[86.80099,22.488064],[86.765818,22.576049],[86.658775,22.576049],[86.641954,22.657159],[86.559378,22.713524],[86.418693,22.79051],[86.435514,22.926611],[86.501269,22.993974],[86.241307,22.996724],[86.044042,23.145197],[85.885006,23.167193],[85.819251,23.268925],[85.883477,23.350035],[85.85901,23.429771],[85.885006,23.483387],[86.039454,23.498509],[86.082272,23.565872],[86.158731,23.558998],[86.177081,23.469639],[86.31012,23.411899],[86.365171,23.531503],[86.485977,23.635984],[86.712297,23.699223],[86.80099,23.699223],[86.826986,23.765211],[86.80099,23.833949],[86.915679,23.882065],[87.085419,23.811953],[87.129765,23.853195],[87.23375,23.855945],[87.294917,23.901312],[87.23375,24.02504],[87.336206,24.034663],[87.44019,23.982422],[87.631339,24.16389],[87.638985,24.254624]]]]},"properties":{"name":"Jharkhand"}},
{"type":"Feature","geometry":{"type":"MultiPolygon","coordinates":[[[[78.398103,32.525146],[78.457741,32.580136],[78.661123,32.654373],[78.76052,32.654373],[78.775812,32.55814],[78.856859,32.439911],[78.980723,32.33818],[79.032716,32.386296],[79.113763,32.383547],[79.135171,32.47703],[79.193281,32.482529],[79.318674,32.592509],[79.447126,32.53202],[79.626041,32.739608],[79.566402,32.78635],[79.421129,32.960943],[79.375254,33.084671],[79.453242,33.25789],[79.239156,33.297758],[79.109175,33.292259],[78.988369,33.333502],[78.931789,33.432484],[78.913439,33.574084],[78.988369,33.611202],[79.106117,33.616701],[79.044949,33.765175],[78.999074,33.803668],[78.904264,33.975512],[79.020482,34.051124],[79.133642,34.026378],[79.196339,34.051124],[79.353845,34.036001],[79.493001,34.134984],[79.505235,34.205096],[79.590869,34.282082],[79.506764,34.474548],[79.592399,34.500668],[79.792722,34.484171],[79.774372,34.627146],[79.858477,34.68901],[79.942583,34.680761],[80.067976,34.713755],[80.071034,34.82786],[80.17349,35.002454],[80.181136,35.166049],[80.223953,35.219665],[80.326409,35.46987],[80.289708,35.607346],[80.106206,35.680208],[79.997633,35.83693],[79.869182,35.781939],[79.421129,35.896044],[79.376783,35.995026],[79.214689,35.978529],[79.193281,35.886421],[79.130584,35.835555],[79.020482,35.847928],[78.959315,35.89192],[78.821688,35.854801],[78.664182,35.857551],[78.520438,35.762693],[78.42257,35.784689],[78.38434,35.735198],[78.27118,35.72145],[78.197779,35.66921],[78.136612,35.538608],[78.040273,35.586724],[77.965343,35.571602],[77.899588,35.467121],[77.817011,35.512488],[77.722202,35.475369],[77.6121,35.468495],[77.434715,35.516612],[77.463769,35.572977],[77.430127,35.654087],[77.165577,35.733823],[77.115114,35.797062],[76.93467,35.783314],[76.810806,35.843803],[76.722113,35.952409],[76.800102,36.047267],[76.719055,36.083011],[76.642595,36.183368],[76.599778,36.165496],[76.480501,36.210863],[76.431567,36.307096],[76.35052,36.359336],[76.254182,36.346963],[76.076796,36.473441],[75.922348,36.502311],[75.74802,36.587545],[75.614981,36.760764],[75.472767,36.810256],[75.422303,36.960104],[75.350432,36.980725],[75.342786,37.052212],[75.208217,37.035715],[75.095057,36.942232],[75.017069,36.975226],[74.92073,36.905114],[74.839683,37.021968],[74.734169,37.020593],[74.708173,37.076958],[74.585838,37.043964],[74.530787,36.986224],[74.428331,36.988974],[74.260121,36.885867],[74.168369,36.902364],[74.142373,36.839125],[74.05521,36.806131],[73.877824,36.894116],[73.689734,36.911987],[73.723376,36.833626],[73.862532,36.786885],[73.807481,36.715398],[73.700438,36.683778],[73.440476,36.744267],[73.313553,36.705774],[73.125463,36.686528],[73.111701,36.609542],[72.990895,36.456944],[72.879264,36.443196],[72.882322,36.386831],[72.778338,36.309845],[72.594835,36.261729],[72.530609,36.073387],[72.594835,36.026646],[72.533668,35.916665],[72.689645,35.832805],[72.900673,35.880922],[72.928198,35.845178],[73.088763,35.882296],[73.152989,35.841054],[73.136168,35.718701],[73.406834,35.563353],[73.634683,35.571602],[73.784543,35.52486],[73.793718,35.460247],[73.700438,35.35714],[73.731022,35.216915],[73.795248,35.24441],[74.146961,35.097312],[74.252475,35.036822],[74.380927,35.057444],[74.48644,35.109684],[74.587367,35.009327],[74.567487,34.873227],[74.457386,34.852605],[74.413039,34.79899],[74.319759,34.786617],[74.5629,34.768745],[74.60113,34.737126],[74.73264,34.671138],[74.925317,34.662889],[75.020127,34.625771],[75.131758,34.646392],[75.238801,34.62852],[75.356548,34.529538],[75.319848,34.43468],[75.374899,34.387938],[75.384074,34.361818],[75.413128,34.283457],[75.497234,34.233966],[75.595102,34.198222],[75.686853,34.159729],[75.864239,33.978262],[76.021745,33.997508],[76.047741,33.92877],[76.170076,33.795419],[76.264886,33.741804],[76.271003,33.642822],[76.309232,33.571334],[76.50191,33.516344],[76.772576,33.251017],[76.816923,33.160283],[76.885736,33.12179],[76.933141,33.028306],[77.0096,32.988438],[77.150286,32.97744],[77.27415,32.874334],[77.338376,32.816594],[77.40566,32.882582],[77.468357,32.857837],[77.602925,32.943072],[77.740552,32.969192],[77.810895,32.907328],[77.934759,32.72586],[77.917938,32.690117],[78.015806,32.620004],[78.098382,32.631002],[78.142728,32.681868],[78.219188,32.663996],[78.387399,32.75748],[78.405749,32.620004],[78.312468,32.573263],[78.398103,32.525146]]],[[[75.384074,34.361818],[75.413128,34.283457],[75.497234,34.233966],[75.595102,34.198222],[75.686853,34.159729],[75.864239,33.978262],[76.021745,33.997508],[76.047741,33.92877],[76.170076,33.795419],[76.264886,33.741804],[76.271003,33.642822],[76.309232,33.571334],[76.50191,33.516344],[76.772576,33.251017],[76.816923,33.160283],[76.885736,33.12179],[76.933141,33.028306],[77.0096,32.988438],[77.150286,32.97744],[77.27415,32.874334],[77.338376,32.816594],[77.40566,32.882582],[77.468357,32.857837],[77.602925,32.943072],[77.740552,32.969192],[77.810895,32.907328],[77.934759,32.72586],[77.917938,32.690117],[78.015806,32.620004],[78.098382,32.631002],[78.142728,32.681868],[78.219188,32.663996],[78.387399,32.75748],[78.405749,32.620004],[78.312468,32.573263],[78.398103,32.525146],[78.457741,32.580136],[78.661123,32.654373],[78.76052,32.654373],[78.775812,32.55814],[78.856859,32.439911],[78.980723,32.33818],[79.032716,32.386296],[79.113763,32.383547],[79.135171,32.47703],[79.193281,32.482529],[79.318674,32.592509],[79.447126,32.53202],[79.626041,32.739608],[79.566402,32.78635],[79.421129,32.960943],[79.375254,33.084671],[79.453242,33.25789],[79.239156,33.297758],[79.109175,33.292259],[78.988369,33.333502],[78.931789,33.432484],[78.913439,33.574084],[78.988369,33.611202],[79.106117,33.616701],[79.044949,33.765175],[78.999074,33.803668],[78.904264,33.975512],[79.020482,34.051124],[79.133642,34.026378],[79.196339,34.051124],[79.353845,34.036001],[79.493001,34.134984],[79.505235,34.205096],[79.590869,34.282082],[79.506764,34.474548],[79.592399,34.500668],[79.792722,34.484171],[79.774372,34.627146],[79.858477,34.68901],[79.942583,34.680761],[80.067976,34.713755],[80.071034,34.82786],[80.17349,35.002454],[80.181136,35.166049],[80.223953,35.219665],[80.326409,35.46987],[80.289708,35.607346],[80.106206,35.680208],[79.997633,35.83693],[79.869182,35.781939],[79.421129,35.896044],[79.376783,35.995026],[79.214689,35.978529],[79.193281,35.886421],[79.130584,35.835555],[79.020482,35.847928],[78.959315,35.89192],[78.821688,35.854801],[78.664182,35.857551],[78.520438,35.762693],[78.42257,35.784689],[78.38434,35.735198],[78.27118,35.72145],[78.197779,35.66921],[78.136612,35.538608],[78.040273,35.586724],[77.965343,35.571602],[77.899588,35.467121],[77.817011,35.512488],[77.722202,35.475369],[77.6121,35.468495],[77.434715,35.516612],[77.463769,35.572977],[77.430127,35.654087],[77.165577,35.733823],[77.115114,35.797062],[76.93467,35.783314],[76.810806,35.843803],[76.722113,35.952409],[76.800102,36.047267],[76.719055,36.083011],[76.642595,36.183368],[76.599778,36.165496],[76.480501,36.210863],[76.431567,36.307096],[76.35052,36.359336],[76.254182,36.346963],[76.076796,36.473441],[75.922348,36.502311],[75.74802,36.587545],[75.614981,36.760764],[75.472767,36.810256],[75.422303,36.960104],[75.350432,36.980725],[75.342786,37.052212],[75.208217,37.035715],[75.095057,36.942232],[75.017069,36.975226],[74.92073,36.905114],[74.839683,37.021968],[74.734169,37.020593],[74.708173,37.076958],[74.585838,37.043964],[74.530787,36.986224],[74.428331,36.988974],[74.260121,36.885867],[74.168369,36.902364],[74.142373,36.839125],[74.05521,36.806131],[73.877824,36.894116],[73.689734,36.911987],[73.723376,36.833626],[73.862532,36.786885],[73.807481,36.715398],[73.700438,36.683778],[73.440476,36.744267],[73.313553,36.705774],[73.125463,36.686528],[73.111701,36.609542],[72.990895,36.456944],[72.879264,36.443196],[72.882322,36.386831],[72.778338,36.309845],[72.594835,36.261729],[72.530609,36.073387],[72.594835,36.026646],[72.533668,35.916665],[72.689645,35.832805],[72.900673,35.880922],[72.928198,35.845178],[73.088763,35.882296],[73.152989,35.841054],[73.136168,35.718701],[73.406834,35.563353],[73.634683,35.571602],[73.784543,35.52486],[73.793718,35.460247],[73.700438,35.35714],[73.731022,35.216915],[73.795248,35.24441],[74.146961,35.097312],[74.252475,35.036822],[74.380927,35.057444],[74.48644,35.109684],[74.587367,35.009327],[74.567487,34.873227],[74.457386,34.852605],[74.413039,34.79899],[74.319759,34.786617],[74.5629,34.768745],[74.60113,34.737126],[74.73264,34.671138],[74.925317,34.662889],[75.020127,34.625771],[75.131758,34.646392],[75.238801,34.62852],[75.356548,34.529538],[75.319848,34.43468],[75.374899,34.387938],[75.384074,34.361818]]]]},"properties":{"name":"Ladakh"}},
{"type":"Feature","geometry":{"type":"MultiPolygon","coordinates":[[[[74.319759,34.786617],[74.413039,34.79899],[74.457386,34.852605],[74.567487,34.873227],[74.587367,35.009327],[74.48644,35.109684],[74.380927,35.057444],[74.252475,35.036822],[74.146961,35.097312],[74.065914,35.047821],[74.07356,34.939215],[73.963458,34.841607],[73.749372,34.786617],[73.617862,34.585903],[73.446593,34.57353],[73.390013,34.374191],[73.492468,34.220218],[73.487881,34.144607],[73.521523,33.985135],[73.588807,33.883404],[73.559753,33.776173],[73.597982,33.712934],[73.561282,33.620825],[73.62092,33.574084],[73.56434,33.34175],[73.656092,33.208399],[73.627037,33.09017],[73.688204,33.087421],[73.82889,33.007685],[73.957342,32.987064],[74.059797,32.908703],[74.177545,32.882582],[74.382456,32.75748],[74.446682,32.789099],[74.513966,32.743732],[74.659239,32.787724],[74.63783,32.61313],[74.680647,32.492152],[74.868737,32.486653],[74.888617,32.521022],[74.946726,32.446785],[75.107291,32.460533],[75.205159,32.417915],[75.341256,32.346428],[75.512525,32.307935],[75.596631,32.378047],[75.686853,32.39042],[75.728141,32.452284],[75.836713,32.511399],[75.91776,32.633752],[75.923877,32.747856],[75.801542,32.885332],[75.850476,32.929324],[75.954461,32.872959],[76.0875,32.956819],[76.111967,33.00631],[76.222069,33.021433],[76.292411,33.103918],[76.410159,33.186403],[76.569194,33.209774],[76.645654,33.161657],[76.748109,33.179529],[76.772576,33.251017],[76.50191,33.516344],[76.309232,33.571334],[76.271003,33.642822],[76.264886,33.741804],[76.170076,33.795419],[76.047741,33.92877],[76.021745,33.997508],[75.864239,33.978262],[75.686853,34.159729],[75.595102,34.198222],[75.497234,34.233966],[75.413128,34.283457],[75.384074,34.361818],[75.374899,34.387938],[75.319848,34.43468],[75.356548,34.529538],[75.238801,34.62852],[75.131758,34.646392],[75.020127,34.625771],[74.925317,34.662889],[74.73264,34.671138],[74.60113,34.737126],[74.5629,34.768745],[74.319759,34.786617]]],[[[75.374899,34.387938],[75.319848,34.43468],[75.356548,34.529538],[75.238801,34.62852],[75.131758,34.646392],[75.020127,34.625771],[74.925317,34.662889],[74.73264,34.671138],[74.60113,34.737126],[74.5629,34.768745],[74.319759,34.786617],[74.413039,34.79899],[74.457386,34.852605],[74.567487,34.873227],[74.587367,35.009327],[74.48644,35.109684],[74.380927,35.057444],[74.252475,35.036822],[74.146961,35.097312],[74.065914,35.047821],[74.07356,34.939215],[73.963458,34.841607],[73.749372,34.786617],[73.617862,34.585903],[73.446593,34.57353],[73.390013,34.374191],[73.492468,34.220218],[73.487881,34.144607],[73.521523,33.985135],[73.588807,33.883404],[73.559753,33.776173],[73.597982,33.712934],[73.561282,33.620825],[73.62092,33.574084],[73.56434,33.34175],[73.656092,33.208399],[73.627037,33.09017],[73.688204,33.087421],[73.82889,33.007685],[73.957342,32.987064],[74.059797,32.908703],[74.177545,32.882582],[74.382456,32.75748],[74.446682,32.789099],[74.513966,32.743732],[74.659239,32.787724],[74.63783,32.61313],[74.680647,32.492152],[74.868737,32.486653],[74.888617,32.521022],[74.946726,32.446785],[75.107291,32.460533],[75.205159,32.417915],[75.341256,32.346428],[75.512525,32.307935],[75.596631,32.378047],[75.686853,32.39042],[75.728141,32.452284],[75.836713,32.511399],[75.91776,32.633752],[75.923877,32.747856],[75.801542,32.885332],[75.850476,32.929324],[75.954461,32.872959],[76.0875,32.956819],[76.111967,33.00631],[76.222069,33.021433],[76.292411,33.103918],[76.410159,33.186403],[76.569194,33.209774],[76.645654,33.161657],[76.748109,33.179529],[76.772576,33.251017],[76.50191,33.516344],[76.309232,33.571334],[76.271003,33.642822],[76.264886,33.741804],[76.170076,33.795419],[76.047741,33.92877],[76.021745,33.997508],[75.864239,33.978262],[75.686853,34.159729],[75.595102,34.198222],[75.497234,34.233966],[75.413128,34.283457],[75.384074,34.361818],[75.374899,34.387938]]]]},"properties":{"name":"Jammu and Kashmir"}},
{"type":"Feature","geometry":{"type":"MultiPolygon","coordinates":[[[[77.27415,32.874334],[77.150286,32.97744],[77.0096,32.988438],[76.933141,33.028306],[76.885736,33.12179],[76.816923,33.160283],[76.772576,33.251017],[76.748109,33.179529],[76.645654,33.161657],[76.569194,33.209774],[76.410159,33.186403],[76.292411,33.103918],[76.222069,33.021433],[76.111967,33.00631],[76.0875,32.956819],[75.954461,32.872959],[75.850476,32.929324],[75.801542,32.885332],[75.923877,32.747856],[75.91776,32.633752],[75.836713,32.511399],[75.931523,32.394545],[75.873414,32.395919],[75.770958,32.288688],[75.637919,32.25157],[75.660857,32.137465],[75.601218,32.093473],[75.59816,32.082475],[75.65474,32.076976],[75.910114,31.950499],[75.960578,31.857016],[75.960578,31.781404],[76.017157,31.631556],[76.121142,31.498205],[76.20066,31.30299],[76.289353,31.307114],[76.391808,31.41297],[76.431567,31.32636],[76.497322,31.269995],[76.587545,31.27412],[76.645654,31.209506],[76.624245,30.999169],[76.732817,30.937305],[76.777164,30.904311],[76.868915,30.872691],[76.91632,30.900187],[77.024892,30.748964],[77.167107,30.68435],[77.171694,30.601865],[77.12276,30.563372],[77.208395,30.48776],[77.407189,30.427271],[77.523407,30.443768],[77.579987,30.379155],[77.5754,30.401151],[77.815482,30.505632],[77.818541,30.560622],[77.703852,30.764086],[77.806307,30.853445],[77.829245,31.029413],[77.864416,31.109149],[77.966872,31.173763],[78.10297,31.186135],[78.246713,31.230128],[78.310939,31.283743],[78.370577,31.286492],[78.483737,31.198508],[78.609131,31.228753],[78.671827,31.197133],[78.809454,31.198508],[78.885914,31.098151],[79.008249,31.110524],[78.985311,31.173763],[78.881326,31.283743],[78.791104,31.304364],[78.749816,31.366228],[78.797221,31.443214],[78.734524,31.536698],[78.846155,31.608185],[78.763579,31.674173],[78.70547,31.77453],[78.781929,31.993116],[78.673357,32.078351],[78.590781,32.153963],[78.609131,32.214452],[78.482208,32.279065],[78.480679,32.347803],[78.534201,32.413791],[78.454683,32.452284],[78.398103,32.525146],[78.312468,32.573263],[78.405749,32.620004],[78.387399,32.75748],[78.219188,32.663996],[78.142728,32.681868],[78.098382,32.631002],[78.015806,32.620004],[77.917938,32.690117],[77.934759,32.72586],[77.810895,32.907328],[77.740552,32.969192],[77.602925,32.943072],[77.468357,32.857837],[77.40566,32.882582],[77.338376,32.816594],[77.27415,32.874334]]],[[[78.310939,31.283743],[78.370577,31.286492],[78.483737,31.198508],[78.609131,31.228753],[78.671827,31.197133],[78.809454,31.198508],[78.885914,31.098151],[79.008249,31.110524],[78.985311,31.173763],[78.881326,31.283743],[78.791104,31.304364],[78.749816,31.366228],[78.797221,31.443214],[78.734524,31.536698],[78.846155,31.608185],[78.763579,31.674173],[78.70547,31.77453],[78.781929,31.993116],[78.673357,32.078351],[78.590781,32.153963],[78.609131,32.214452],[78.482208,32.279065],[78.480679,32.347803],[78.534201,32.413791],[78.454683,32.452284],[78.398103,32.525146],[78.312468,32.573263],[78.405749,32.620004],[78.387399,32.75748],[78.219188,32.663996],[78.142728,32.681868],[78.098382,32.631002],[78.015806,32.620004],[77.917938,32.690117],[77.934759,32.72586],[77.810895,32.907328],[77.740552,32.969192],[77.602925,32.943072],[77.468357,32.857837],[77.40566,32.882582],[77.338376,32.816594],[77.27415,32.874334],[77.150286,32.97744],[77.0096,32.988438],[76.933141,33.028306],[76.885736,33.12179],[76.816923,33.160283],[76.772576,33.251017],[76.748109,33.179529],[76.645654,33.161657],[76.569194,33.209774],[76.410159,33.186403],[76.292411,33.103918],[76.222069,33.021433],[76.111967,33.00631],[76.0875,32.956819],[75.954461,32.872959],[75.850476,32.929324],[75.801542,32.885332],[75.923877,32.747856],[75.91776,32.633752],[75.836713,32.511399],[75.931523,32.394545],[75.873414,32.395919],[75.770958,32.288688],[75.637919,32.25157],[75.660857,32.137465],[75.601218,32.093473],[75.59816,32.082475],[75.65474,32.076976],[75.910114,31.950499],[75.960578,31.857016],[75.960578,31.781404],[76.017157,31.631556],[76.121142,31.498205],[76.20066,31.30299],[76.289353,31.307114],[76.391808,31.41297],[76.431567,31.32636],[76.497322,31.269995],[76.587545,31.27412],[76.645654,31.209506],[76.624245,30.999169],[76.732817,30.937305],[76.777164,30.904311],[76.868915,30.872691],[76.91632,30.900187],[77.024892,30.748964],[77.167107,30.68435],[77.171694,30.601865],[77.12276,30.563372],[77.208395,30.48776],[77.407189,30.427271],[77.523407,30.443768],[77.579987,30.379155],[77.5754,30.401151],[77.815482,30.505632],[77.818541,30.560622],[77.703852,30.764086],[77.806307,30.853445],[77.829245,31.029413],[77.864416,31.109149],[77.966872,31.173763],[78.10297,31.186135],[78.246713,31.230128],[78.310939,31.283743]]]]},"properties":{"name":"Himachal Pradesh"}},
{"type":"Feature","geometry":{"type":"MultiPolygon","coordinates":[[[[75.601218,32.093473],[75.660857,32.137465],[75.637919,32.25157],[75.770958,32.288688],[75.873414,32.395919],[75.931523,32.394545],[75.836713,32.511399],[75.728141,32.452284],[75.686853,32.39042],[75.596631,32.378047],[75.512525,32.307935],[75.341256,32.346428],[75.381015,32.269442],[75.379486,32.182832],[75.174575,32.067353],[75.122583,32.081101],[75.012481,32.035734],[74.913084,32.043982],[74.806041,31.962872],[74.666885,31.923004],[74.572075,31.839144],[74.559842,31.758033],[74.503262,31.740161],[74.611834,31.499579],[74.651593,31.456962],[74.552196,31.364853],[74.510907,31.13252],[74.689822,31.128396],[74.708173,31.072031],[74.596542,31.037662],[74.365635,30.893313],[74.215774,30.691224],[73.963458,30.485011],[73.964987,30.424521],[73.879353,30.359908],[73.9604,30.270549],[73.968046,30.193563],[73.975692,30.119326],[73.90382,30.050588],[73.894645,29.973602],[74.29835,29.954355],[74.448211,29.947482],[74.526199,29.940608],[74.647005,29.911738],[74.705114,29.974977],[74.812157,29.992849],[74.926847,29.950231],[74.997189,29.867746],[75.117995,29.832002],[75.191396,29.844375],[75.241859,29.750892],[75.168458,29.667032],[75.303027,29.559801],[75.345844,29.695902],[75.460533,29.807257],[75.57981,29.739894],[75.720495,29.814131],[75.778604,29.822379],[75.946815,29.728896],[76.04927,29.746768],[76.098204,29.810006],[76.214423,29.840251],[76.171605,29.92686],[76.254182,30.089081],[76.410159,30.145446],[76.466739,30.098705],[76.57684,30.101454],[76.638008,30.146821],[76.642595,30.149571],[76.561548,30.241679],[76.711409,30.325539],[76.748109,30.428646],[76.911732,30.425896],[76.89797,30.445143],[76.907145,30.45889],[76.925495,30.610113],[76.827627,30.681601],[76.738934,30.692599],[76.70988,30.761336],[76.838331,30.754463],[76.845977,30.834198],[76.777164,30.904311],[76.732817,30.937305],[76.624245,30.999169],[76.645654,31.209506],[76.587545,31.27412],[76.497322,31.269995],[76.431567,31.32636],[76.391808,31.41297],[76.289353,31.307114],[76.20066,31.30299],[76.121142,31.498205],[76.017157,31.631556],[75.960578,31.781404],[75.960578,31.857016],[75.910114,31.950499],[75.65474,32.076976],[75.59816,32.082475],[75.601218,32.093473]]],[[[75.836713,32.511399],[75.728141,32.452284],[75.686853,32.39042],[75.596631,32.378047],[75.512525,32.307935],[75.341256,32.346428],[75.381015,32.269442],[75.379486,32.182832],[75.174575,32.067353],[75.122583,32.081101],[75.012481,32.035734],[74.913084,32.043982],[74.806041,31.962872],[74.666885,31.923004],[74.572075,31.839144],[74.559842,31.758033],[74.503262,31.740161],[74.611834,31.499579],[74.651593,31.456962],[74.552196,31.364853],[74.510907,31.13252],[74.689822,31.128396],[74.708173,31.072031],[74.596542,31.037662],[74.365635,30.893313],[74.215774,30.691224],[73.963458,30.485011],[73.964987,30.424521],[73.879353,30.359908],[73.9604,30.270549],[73.968046,30.193563],[73.975692,30.119326],[73.90382,30.050588],[73.894645,29.973602],[74.29835,29.954355],[74.448211,29.947482],[74.526199,29.940608],[74.647005,29.911738],[74.705114,29.974977],[74.812157,29.992849],[74.926847,29.950231],[74.997189,29.867746],[75.117995,29.832002],[75.191396,29.844375],[75.241859,29.750892],[75.168458,29.667032],[75.303027,29.559801],[75.345844,29.695902],[75.460533,29.807257],[75.57981,29.739894],[75.720495,29.814131],[75.778604,29.822379],[75.946815,29.728896],[76.04927,29.746768],[76.098204,29.810006],[76.214423,29.840251],[76.171605,29.92686],[76.254182,30.089081],[76.410159,30.145446],[76.466739,30.098705],[76.57684,30.101454],[76.638008,30.146821],[76.642595,30.149571],[76.561548,30.241679],[76.711409,30.325539],[76.748109,30.428646],[76.911732,30.425896],[76.89797,30.445143],[76.907145,30.45889],[76.925495,30.610113],[76.827627,30.681601],[76.738934,30.692599],[76.70988,30.761336],[76.838331,30.754463],[76.845977,30.834198],[76.777164,30.904311],[76.732817,30.937305],[76.624245,30.999169],[76.645654,31.209506],[76.587545,31.27412],[76.497322,31.269995],[76.431567,31.32636],[76.391808,31.41297],[76.289353,31.307114],[76.20066,31.30299],[76.121142,31.498205],[76.017157,31.631556],[75.960578,31.781404],[75.960578,31.857016],[75.910114,31.950499],[75.65474,32.076976],[75.59816,32.082475],[75.601218,32.093473],[75.660857,32.137465],[75.637919,32.25157],[75.770958,32.288688],[75.873414,32.395919],[75.931523,32.394545],[75.836713,32.511399]]]]},"properties":{"name":"Punjab"}},
{"type":"Feature","geometry":{"type":"MultiPolygon","coordinates":[[[[78.310939,31.283743],[78.246713,31.230128],[78.10297,31.186135],[77.966872,31.173763],[77.864416,31.109149],[77.829245,31.029413],[77.806307,30.853445],[77.703852,30.764086],[77.818541,30.560622],[77.815482,30.505632],[77.5754,30.401151],[77.657976,30.401151],[77.722202,30.329663],[77.959226,30.241679],[77.859829,30.113827],[77.80172,30.095955],[77.716085,29.885618],[77.82007,29.673906],[77.927113,29.713773],[78.020393,29.581797],[78.130495,29.65191],[78.203896,29.737144],[78.335406,29.797633],[78.511263,29.724772],[78.532671,29.639537],[78.616777,29.558426],[78.800279,29.464943],[78.925673,29.438823],[78.850742,29.348089],[78.76052,29.264229],[78.875209,29.205114],[78.927202,29.118505],[78.974607,29.130878],[79.035774,29.169371],[79.153522,29.115755],[79.142817,29.067639],[79.259036,28.992027],[79.407367,28.95216],[79.422659,28.897169],[79.584753,28.846303],[79.682621,28.854552],[79.820248,28.887546],[79.954816,28.722576],[80.029746,28.748696],[80.064918,28.83668],[80.074093,28.941162],[80.118439,28.981029],[80.144435,29.102008],[80.259124,29.187243],[80.318763,29.301347],[80.242303,29.444322],[80.341701,29.51031],[80.408985,29.595545],[80.366168,29.739894],[80.434981,29.804507],[80.554258,29.849874],[80.601662,29.957105],[80.675063,29.957105],[80.762227,30.049214],[80.928909,30.174316],[81.045127,30.21006],[80.999251,30.267799],[80.803515,30.324164],[80.708706,30.417648],[80.607779,30.471263],[80.540495,30.447892],[80.41816,30.524879],[80.213249,30.583993],[80.249949,30.744839],[80.17349,30.808078],[80.101618,30.788831],[80.054213,30.843822],[79.889061,30.918058],[79.864594,30.973048],[79.731555,30.978548],[79.601574,30.933181],[79.506764,31.032163],[79.407367,31.073406],[79.318674,31.13527],[79.295736,31.217755],[79.222335,31.260372],[79.233039,31.333234],[79.167284,31.360729],[79.13823,31.433591],[79.072475,31.455587],[79.00672,31.378601],[78.944023,31.366228],[78.881326,31.283743],[78.985311,31.173763],[79.008249,31.110524],[78.885914,31.098151],[78.809454,31.198508],[78.671827,31.197133],[78.609131,31.228753],[78.483737,31.198508],[78.370577,31.286492],[78.310939,31.283743]]],[[[80.101618,30.788831],[80.054213,30.843822],[79.889061,30.918058],[79.864594,30.973048],[79.731555,30.978548],[79.601574,30.933181],[79.506764,31.032163],[79.407367,31.073406],[79.318674,31.13527],[79.295736,31.217755],[79.222335,31.260372],[79.233039,31.333234],[79.167284,31.360729],[79.13823,31.433591],[79.072475,31.455587],[79.00672,31.378601],[78.944023,31.366228],[78.881326,31.283743],[78.985311,31.173763],[79.008249,31.110524],[78.885914,31.098151],[78.809454,31.198508],[78.671827,31.197133],[78.609131,31.228753],[78.483737,31.198508],[78.370577,31.286492],[78.310939,31.283743],[78.246713,31.230128],[78.10297,31.186135],[77.966872,31.173763],[77.864416,31.109149],[77.829245,31.029413],[77.806307,30.853445],[77.703852,30.764086],[77.818541,30.560622],[77.815482,30.505632],[77.5754,30.401151],[77.657976,30.401151],[77.722202,30.329663],[77.959226,30.241679],[77.859829,30.113827],[77.80172,30.095955],[77.716085,29.885618],[77.82007,29.673906],[77.927113,29.713773],[78.020393,29.581797],[78.130495,29.65191],[78.203896,29.737144],[78.335406,29.797633],[78.511263,29.724772],[78.532671,29.639537],[78.616777,29.558426],[78.800279,29.464943],[78.925673,29.438823],[78.850742,29.348089],[78.76052,29.264229],[78.875209,29.205114],[78.927202,29.118505],[78.974607,29.130878],[79.035774,29.169371],[79.153522,29.115755],[79.142817,29.067639],[79.259036,28.992027],[79.407367,28.95216],[79.422659,28.897169],[79.584753,28.846303],[79.682621,28.854552],[79.820248,28.887546],[79.954816,28.722576],[80.029746,28.748696],[80.064918,28.83668],[80.074093,28.941162],[80.118439,28.981029],[80.144435,29.102008],[80.259124,29.187243],[80.318763,29.301347],[80.242303,29.444322],[80.341701,29.51031],[80.408985,29.595545],[80.366168,29.739894],[80.434981,29.804507],[80.554258,29.849874],[80.601662,29.957105],[80.675063,29.957105],[80.762227,30.049214],[80.928909,30.174316],[81.045127,30.21006],[80.999251,30.267799],[80.803515,30.324164],[80.708706,30.417648],[80.607779,30.471263],[80.540495,30.447892],[80.41816,30.524879],[80.213249,30.583993],[80.249949,30.744839],[80.17349,30.808078],[80.101618,30.788831]]]]},"properties":{"name":"Uttarakhand"}},
{"type":"Feature","geometry":{"type":"MultiPolygon","coordinates":[[[[76.827627,30.681601],[76.838331,30.754463],[76.70988,30.761336],[76.738934,30.692599],[76.827627,30.681601]]],[[[76.827627,30.681601],[76.838331,30.754463],[76.70988,30.761336],[76.738934,30.692599],[76.827627,30.681601]]]]},"properties":{"name":"Chandigarh"}},
{"type":"Feature","geometry":{"type":"MultiPolygon","coordinates":[[[[77.208395,30.48776],[77.12276,30.563372],[77.171694,30.601865],[77.167107,30.68435],[77.024892,30.748964],[76.91632,30.900187],[76.868915,30.872691],[76.777164,30.904311],[76.845977,30.834198],[76.838331,30.754463],[76.827627,30.681601],[76.925495,30.610113],[76.907145,30.45889],[76.89797,30.445143],[76.911732,30.425896],[76.748109,30.428646],[76.711409,30.325539],[76.561548,30.241679],[76.642595,30.149571],[76.638008,30.146821],[76.57684,30.101454],[76.466739,30.098705],[76.410159,30.145446],[76.254182,30.089081],[76.171605,29.92686],[76.214423,29.840251],[76.168547,29.689028],[76.23889,29.592795],[76.35052,29.580422],[76.373458,29.528182],[76.503439,29.515809],[76.54014,29.613416],[76.683883,29.67803],[76.729759,29.870495],[76.833744,29.902115],[76.881149,29.880119],[76.983604,29.95848],[77.096764,29.950231],[77.119702,29.991474],[77.226745,29.939233],[77.456123,30.163318],[77.583046,30.307667],[77.579987,30.379155],[77.523407,30.443768],[77.407189,30.427271],[77.208395,30.48776]]],[[[74.526199,29.940608],[74.561371,29.869121],[74.484911,29.814131],[74.480324,29.745393],[74.616421,29.752267],[74.575133,29.563925],[74.622538,29.530931],[74.584309,29.458069],[74.602659,29.364586],[74.78769,29.361836],[74.850387,29.403079],[74.937551,29.361836],[74.960489,29.280726],[75.050711,29.286225],[75.081295,29.228485],[75.24033,29.260105],[75.345844,29.283475],[75.405482,29.260105],[75.39172,29.06214],[75.442183,29.058016],[75.527817,28.971406],[75.630273,28.97828],[75.682265,28.910917],[75.832126,28.910917],[75.968223,29.063515],[76.189956,29.051142],[76.228185,28.990653],[76.301586,29.086885],[76.300057,29.188617],[76.225127,29.218862],[76.191485,29.409953],[76.131847,29.390706],[76.014099,29.48144],[75.963636,29.56255],[75.946815,29.728896],[75.778604,29.822379],[75.720495,29.814131],[75.57981,29.739894],[75.460533,29.807257],[75.345844,29.695902],[75.303027,29.559801],[75.168458,29.667032],[75.241859,29.750892],[75.191396,29.844375],[75.117995,29.832002],[74.997189,29.867746],[74.926847,29.950231],[74.812157,29.992849],[74.705114,29.974977],[74.647005,29.911738],[74.526199,29.940608]]],[[[77.216041,28.853177],[77.232862,28.919165],[77.167107,29.03327],[77.14264,29.166621],[77.154873,29.297223],[77.127348,29.349464],[77.131935,29.484189],[77.105939,29.632663],[77.151815,29.687653],[77.119702,29.755016],[77.173223,29.804507],[77.226745,29.939233],[77.456123,30.163318],[77.583046,30.307667],[77.579987,30.379155],[77.523407,30.443768],[77.407189,30.427271],[77.208395,30.48776],[77.12276,30.563372],[77.171694,30.601865],[77.167107,30.68435],[77.024892,30.748964],[76.91632,30.900187],[76.868915,30.872691],[76.777164,30.904311],[76.845977,30.834198],[76.838331,30.754463],[76.827627,30.681601],[76.925495,30.610113],[76.907145,30.45889],[76.89797,30.445143],[76.911732,30.425896],[76.748109,30.428646],[76.711409,30.325539],[76.561548,30.241679],[76.642595,30.149571],[76.638008,30.146821],[76.57684,30.101454],[76.466739,30.098705],[76.410159,30.145446],[76.254182,30.089081],[76.171605,29.92686],[76.214423,29.840251],[76.098204,29.810006],[76.04927,29.746768],[75.946815,29.728896],[75.778604,29.822379],[75.720495,29.814131],[75.57981,29.739894],[75.460533,29.807257],[75.345844,29.695902],[75.303027,29.559801],[75.168458,29.667032],[75.241859,29.750892],[75.191396,29.844375],[75.117995,29.832002],[74.997189,29.867746],[74.926847,29.950231],[74.812157,29.992849],[74.705114,29.974977],[74.647005,29.911738],[74.526199,29.940608],[74.561371,29.869121],[74.484911,29.814131],[74.480324,29.745393],[74.616421,29.752267],[74.575133,29.563925],[74.622538,29.530931],[74.584309,29.458069],[74.602659,29.364586],[74.78769,29.361836],[74.850387,29.403079],[74.937551,29.361836],[74.960489,29.280726],[75.050711,29.286225],[75.081295,29.228485],[75.24033,29.260105],[75.345844,29.283475],[75.405482,29.260105],[75.39172,29.06214],[75.442183,29.058016],[75.527817,28.971406],[75.474296,28.926039],[75.520171,28.833931],[75.56146,28.612595],[75.622627,28.601597],[75.670032,28.519112],[75.893293,28.389885],[76.055387,28.22079],[75.998807,28.123183],[76.007982,28.058569],[75.972811,27.932092],[75.933052,27.927968],[75.971282,27.852356],[76.076796,27.841358],[76.176193,27.798741],[76.225127,27.833109],[76.168547,27.903222],[76.159372,27.99808],[76.260298,28.066818],[76.318407,28.015952],[76.359696,28.124557],[76.312291,28.178173],[76.543198,28.033824],[76.538611,27.974709],[76.668591,28.013202],[76.686942,28.087439],[76.795514,28.147928],[76.853623,28.22079],[76.969841,28.138305],[76.930083,27.993956],[76.942316,27.842733],[76.891853,27.732752],[76.977487,27.654391],[77.044772,27.820737],[77.283325,27.798741],[77.344492,27.849607],[77.420952,27.855106],[77.529524,27.926593],[77.541758,27.989831],[77.476003,28.08469],[77.50047,28.205668],[77.505057,28.370638],[77.347551,28.520487],[77.25427,28.483368],[77.174753,28.405007],[77.119702,28.488867],[77.096764,28.509489],[77.006542,28.541108],[76.884207,28.502615],[76.845977,28.550731],[76.888795,28.631842],[76.95302,28.667585],[76.971371,28.69783],[76.942316,28.798187],[76.968312,28.811935],[77.121231,28.858676],[77.216041,28.853177]]]]},"properties":{"name":"Haryana"}}
]}